"country_usa","country_canada","country_mexico","country_total","pcs_indigenous","pcs_poc","pcs_students","pcs_women","pcs_repression","pcs_regime","pcs_innovative","pcs_class","pcs_local","pcs_total","opp_nv","methods_unique_ct","methods_nvprotest","methods_social","methods_boycotts","methods_strikes","methods_political","methods_nvintervention","methods_other","methods_1_ct","methods_2_ct","methods_3_ct","methods_4_ct","methods_5_ct","methods_6_ct","methods_addl_ct","segment_length_days","had_partners","had_allies","had_social_elites","had_campaigner_violence","had_repressive_violence","cluster_democracy","cluster_economic","cluster_environment","cluster_humanrights","cluster_ethnicidentity","cluster_peace","cluster_total","class_change","class_defense","class_intervention","class_total","groups","success_goal","success_survival","success_growth","success_total","success_above_avg"
1,0,0,1,0,0,0,0,0,0,0,0,1,1,0,2,1,0,0,1,0,0,0,2,2,2,2,2,2,0,10,0,1,0,1,0,0,1,0,0,0,0,1,0,0,0,0,0,4,1,1,6,0
1,0,0,1,0,0,0,0,0,0,0,0,0,0,1,5,2,0,0,0,0,3,0,2,3,3,3,3,2,0,1,0,0,1,0,0,0,0,0,1,0,0,1,1,0,0,1,0,5,1,3,9,1
1,0,0,1,0,1,0,1,0,0,0,0,0,2,1,8,5,1,1,1,0,0,0,1,2,1,1,2,5,0,121.68,1,1,1,0,0,0,1,0,0,0,0,1,1,0,0,1,3,6,1,3,10,1
1,0,0,1,0,1,0,0,0,0,0,0,0,1,0,4,3,0,0,1,0,0,0,1,0,0,1,1,1,0,0,1,1,0,0,1,0,1,0,0,0,0,1,0,1,0,1,1,6,1,2,9,1
1,0,0,1,0,0,0,0,0,0,0,0,0,0,0,5,5,0,0,0,0,0,0,2,3,0,1,2,2,0,1095,1,1,1,0,1,0,1,0,1,0,0,2,1,1,0,2,1,6,1,2,9,1
1,0,0,1,0,1,0,0,1,0,0,1,0,3,0,4,3,0,0,0,0,1,0,3,3,4,3,3,3,0,0.5,1,0,1,0,1,0,0,0,1,0,0,1,1,0,0,1,4,6,1,3,10,1
1,0,0,5,0,1,0,0,0,0,1,0,0,2,0,10,8,0,0,1,0,1,0,4,5,4,2,4,3,0,18,1,1,1,0,1,0,0,0,1,0,0,1,1,0,0,1,13,4,0.5,3,7.5,1
1,0,0,1,0,0,0,0,0,0,1,1,0,2,1,14,14,0,0,0,0,0,0,5,3,0,3,0,13,0,1.5,1,0,1,0,0,0,1,0,0,0,0,1,1,0,0,1,2,4,1,3,8,1
1,0,0,1,0,0,0,0,0,0,0,0,1,1,0,6,6,0,0,0,0,0,0,6,3,2,2,2,1,0,60.84,0,0,0,0,1,0,0,1,0,0,0,1,0,1,0,1,4,4,1,1,6,0
1,0,0,1,0,0,1,0,0,0,0,0,0,1,0,7,7,0,0,0,0,0,0,1,0,3,3,3,1,0,212.94,0,1,0,0,0,0,1,0,0,0,0,1,1,0,0,1,2,6,1,2,9,1
1,0,0,1,0,0,0,1,0,0,0,0,1,2,1,13,11,0,0,0,0,2,0,3,9,7,7,8,7,0,65,1,1,0,0,0,0,0,1,0,0,0,1,0,1,0,1,2,6,1,3,10,1
1,0,0,1,0,1,0,0,0,0,0,0,1,2,0,12,10,0,1,0,0,1,0,1,0,2,11,4,1,0,182.52,1,1,0,0,0,1,1,0,0,0,0,2,1,0,0,1,2,4,1,3,8,1
1,0,0,1,0,1,1,0,0,0,0,0,0,2,0,13,10,1,0,0,0,2,0,3,1,4,1,2,4,0,8,1,1,1,0,1,0,0,0,1,0,0,1,1,0,0,1,1,4,0.5,2,6.5,0
1,0,0,1,0,1,1,0,0,0,0,0,0,2,1,12,10,0,0,0,0,2,0,3,1,0,4,2,3,6,79.092,1,1,0,0,0,0,0,0,1,0,0,1,1,0,0,1,2,5,1,2,8,1
1,0,0,1,0,0,1,0,0,0,0,0,0,1,0,4,3,0,0,0,0,1,0,1,1,1,1,0,1,0,38,1,1,0,0,0,0,0,0,1,0,0,1,1,0,0,1,0,6,1,1,8,1
1,0,0,1,0,0,1,0,0,0,0,1,1,3,0,12,12,0,0,0,0,0,0,8,0,0,6,3,4,0,30.42,1,1,0,0,0,0,1,0,0,0,0,1,0,1,0,1,2,6,1,1,8,1
1,0,0,1,0,0,1,0,0,0,0,0,0,1,0,5,4,0,0,0,0,1,0,1,2,1,0,0,1,0,31,1,1,1,0,0,0,1,0,0,0,0,1,1,0,0,1,1,6,1,2,9,1
1,0,0,1,0,0,0,0,0,0,1,0,1,2,0,7,6,0,0,1,0,0,0,3,0,0,0,0,6,0,30.42,1,1,0,0,1,0,1,0,1,0,0,2,1,0,0,1,1,5,1,3,9,1
1,0,0,1,0,0,0,0,0,0,0,0,1,1,0,21,16,0,0,0,1,4,0,14,8,3,2,2,8,0,851.76,1,1,1,0,1,0,1,1,1,0,0,3,1,0,0,1,2,6,1,2,9,1
1,0,0,1,0,1,0,0,0,0,1,0,0,2,0,6,6,0,0,0,0,0,0,3,0,0,0,0,6,0,58,0,1,1,0,0,0,0,0,1,0,0,1,0,1,0,1,2,4,1,3,8,1
1,0,0,1,0,0,0,0,0,0,0,0,1,1,0,1,1,0,0,0,0,0,0,1,1,1,1,1,1,0,12,0,0,1,0,0,0,0,0,1,0,0,1,1,0,0,1,1,6,0.5,2,8.5,1
1,0,0,1,0,0,0,0,0,0,0,0,0,0,0,6,6,0,0,0,0,0,0,5,0,0,5,0,1,0,17,0,0,0,0,0,0,1,0,0,0,0,1,1,0,0,1,1,4,1,2,7,1
1,0,0,1,0,0,0,0,0,0,0,0,0,0,1,7,6,0,0,0,0,1,0,3,6,0,0,0,4,0,80,1,1,1,0,1,0,0,0,1,0,0,1,0,1,0,1,1,2,1,3,6,0
1,0,0,1,0,1,0,0,0,0,0,0,1,2,0,11,11,0,0,0,0,0,0,3,2,1,3,7,2,0,334.62,1,1,1,0,1,0,1,1,1,0,0,3,1,0,0,1,3,6,1,3,10,1
1,0,0,1,0,0,0,0,1,0,0,0,0,1,1,4,2,0,0,1,0,1,0,4,1,1,1,1,1,0,10,0,1,1,0,1,0,0,0,1,0,0,1,1,0,0,1,1,0,1,1,2,0
1,0,0,1,0,0,1,0,0,0,0,0,0,1,0,4,4,0,0,0,0,0,0,4,0,0,0,1,1,0,76.05,0,0,0,0,0,0,0,0,1,0,0,1,1,0,0,1,1,5,1,3,9,1
1,0,0,1,0,1,0,0,0,0,1,0,1,3,0,12,11,0,0,0,1,0,0,3,3,0,8,4,0,0,790.92,1,1,0,0,0,0,1,1,1,0,0,3,1,1,0,2,3,6,1,3,10,1
1,0,0,1,0,0,1,0,0,0,0,0,1,2,0,11,10,0,0,0,0,1,0,6,2,1,8,3,5,0,129,1,1,0,0,0,0,0,1,0,0,0,1,1,0,0,1,3,6,1,3,10,1
1,0,0,1,0,0,0,0,0,0,1,0,1,2,0,12,9,0,0,1,2,0,0,2,2,0,0,0,10,2,608.4,1,1,1,0,0,0,1,1,1,0,0,3,1,1,0,2,3,0,0,3,3,0
1,0,0,1,0,1,1,0,0,0,0,0,0,2,0,4,3,0,0,1,0,0,0,3,2,1,1,1,2,0,10,1,0,0,0,1,1,0,0,0,0,0,1,1,0,0,1,1,5,1,3,9,1
1,0,0,1,0,0,1,0,0,0,0,0,1,2,0,10,9,0,0,0,0,1,0,3,0,6,0,0,2,0,0,0,0,1,0,0,0,1,0,1,0,0,2,0,1,0,1,1,5,1,3,9,1
1,0,0,1,0,0,0,0,0,0,0,0,0,0,0,5,5,0,0,0,0,0,0,4,0,0,1,1,0,1,7,1,0,1,0,0,0,0,1,1,0,0,2,1,0,0,1,2,4,1,3,8,1
1,0,0,1,0,0,1,0,0,0,0,0,0,1,0,7,7,0,0,0,0,0,0,3,2,2,0,0,2,0,14,1,1,0,0,0,0,1,0,0,0,0,1,1,0,0,1,2,4,1,2,7,1
1,0,0,1,0,0,1,0,0,0,0,0,1,2,0,10,9,0,0,0,0,1,0,0,5,0,5,0,6,0,7,0,0,1,0,0,0,0,0,1,0,0,1,0,1,0,1,4,4,1,2,7,1
1,0,0,1,0,0,0,0,0,0,0,0,0,0,0,17,15,0,0,1,0,1,0,4,9,3,1,2,8,0,65,1,1,1,0,1,0,1,0,1,0,0,2,1,0,0,1,1,3,1,2,6,0
1,0,0,1,0,0,1,0,0,0,0,0,1,2,0,7,6,0,0,0,1,0,0,2,2,2,2,3,4,0,152.1,0,1,1,0,0,0,0,1,0,0,0,1,1,0,0,1,1,6,1,2,9,1
1,0,0,1,0,0,1,0,0,0,0,0,1,2,0,5,4,0,0,0,0,1,0,3,1,1,1,1,1,1,60.84,1,1,0,0,1,0,0,1,1,0,0,2,1,0,0,1,1,6,1,2,9,1
1,0,0,1,0,0,1,0,0,0,0,0,1,2,0,15,14,0,0,0,0,1,0,9,3,1,6,5,9,0,206,1,1,1,0,1,0,0,1,0,0,0,1,1,0,0,1,1,6,1,3,10,1
1,0,0,1,0,0,0,0,0,0,0,0,1,1,0,35,29,1,0,0,3,2,0,15,13,20,24,19,11,0,152.1,1,1,1,0,0,0,0,1,0,0,0,1,1,1,0,2,3,5,1,3,9,1
1,0,0,1,0,0,0,0,0,0,0,0,0,0,1,1,0,0,0,0,1,0,0,1,1,1,1,1,1,0,8.5,1,0,0,0,0,0,0,0,1,0,0,1,1,0,0,1,1,5,1,1,7,1
1,0,0,1,0,0,0,0,0,0,0,1,1,2,0,10,8,0,0,0,0,2,0,3,5,4,5,0,5,0,43,1,1,0,0,0,0,0,1,0,0,0,1,0,1,0,1,2,6,1,1,8,1
1,0,0,1,0,0,1,0,0,0,0,0,1,2,0,7,7,0,0,0,0,0,0,5,5,5,7,5,5,0,152.1,1,1,0,0,0,0,0,0,1,0,0,1,1,0,0,1,1,6,1,2,9,1
1,0,0,1,0,0,0,0,0,0,0,1,1,2,0,6,4,0,0,1,0,1,0,4,4,6,6,6,5,0,3.33,1,0,0,0,0,1,0,0,1,0,0,2,1,0,0,1,2,6,1,2,9,1
1,0,0,1,0,0,0,0,0,0,0,0,0,0,0,9,8,0,1,0,0,0,0,2,0,0,0,0,6,2,18,0,1,0,0,0,0,0,1,0,0,0,1,1,1,0,2,1,6,1,2,9,1
1,0,0,1,0,0,1,0,0,0,1,0,1,3,0,7,6,0,0,0,1,0,0,2,0,0,0,0,6,0,91.26,0,1,0,0,0,0,0,0,1,1,0,2,0,1,0,1,3,0,0,1,1,0
1,0,0,1,0,0,1,0,0,0,0,0,0,1,0,3,2,0,0,0,0,1,0,3,3,3,3,3,3,0,0.691666666666667,0,0,0,0,0,0,0,0,1,0,0,1,1,0,0,1,1,5,1,3,9,1
1,0,0,1,0,0,1,0,0,0,0,0,1,2,0,3,3,0,0,0,0,0,0,1,0,0,0,1,1,0,56,0,0,0,0,0,0,0,0,1,0,0,1,1,0,0,1,1,0,0,2,2,0
1,0,0,1,0,0,1,0,1,0,0,0,1,3,0,11,10,1,0,0,0,0,0,3,7,7,6,5,4,0,24.17,1,1,1,0,0,0,0,0,1,0,0,1,1,0,0,1,3,6,1,3,10,1
1,0,0,1,0,0,0,0,0,0,0,0,1,1,0,6,6,0,0,0,0,0,0,3,0,0,0,0,3,0,98.865,1,0,1,0,0,0,1,0,1,0,0,2,1,0,0,1,1,6,0.5,1,7.5,1
1,0,0,1,0,0,0,0,0,0,0,0,1,1,0,3,3,0,0,0,0,0,0,1,2,1,1,1,1,0,365,1,0,1,0,0,0,0,1,0,0,0,1,0,1,0,1,4,6,1,3,10,1
1,0,0,1,0,0,0,1,0,0,0,0,0,1,0,4,4,0,0,0,0,0,0,4,0,0,0,0,0,0,0.333333333333333,1,0,1,0,0,0,0,0,1,0,0,1,0,1,0,1,4,6,1,3,10,1
1,0,0,1,0,0,1,0,0,0,0,0,1,2,0,6,6,0,0,0,0,0,0,1,2,3,2,2,1,0,91.26,1,0,1,0,0,0,0,1,1,0,0,2,1,0,0,1,2,6,0.5,3,9.5,1
1,0,0,1,0,0,1,0,0,0,0,0,0,1,1,3,3,0,0,0,0,0,0,3,3,1,3,3,1,0,0.333333333333333,1,0,0,0,0,0,1,0,0,0,0,1,0,1,0,1,1,4,1,3,8,1
1,0,0,1,0,0,1,0,0,0,0,0,1,2,1,10,10,0,0,0,0,0,0,2,3,7,3,0,2,0,60.84,0,0,0,0,0,0,0,1,0,0,0,1,1,0,0,1,2,6,1,3,10,1
1,0,0,1,0,0,1,0,0,0,0,0,0,1,1,3,2,1,0,0,0,0,0,2,1,2,1,2,2,0,1.2,0,1,1,0,0,0,1,0,0,0,0,1,1,0,0,1,1,5,1,2,8,1
1,0,0,1,0,0,0,0,0,0,0,0,0,0,0,17,13,0,1,0,0,3,0,6,5,4,6,5,3,0,304.2,1,1,0,0,1,0,0,1,1,0,0,2,0,1,0,1,4,6,1,3,10,1
1,0,0,1,0,0,1,0,0,0,0,0,1,2,1,4,4,0,0,0,0,0,0,1,1,1,1,0,0,0,121.68,1,1,0,0,0,0,0,1,0,0,0,1,1,0,0,1,1,3,1,2,6,0
1,0,0,1,0,0,0,0,0,0,0,0,0,0,1,3,1,0,0,2,0,0,0,2,2,2,2,2,1,0,0.416666666666667,0,0,0,1,0,0,0,0,1,0,0,1,1,0,0,1,3,4,0,0,4,0
1,0,0,1,0,0,1,0,0,0,0,0,0,1,1,10,7,0,1,0,1,1,0,2,2,3,1,1,1,0,730,1,1,0,1,1,0,0,0,1,0,1,2,1,0,0,1,1,0,0,2,2,0
1,1,0,12,0,0,0,0,0,0,0,0,0,0,0,11,8,0,1,0,0,2,0,2,2,6,5,1,2,0,608.4,0,0,0,0,0,0,0,1,0,0,0,1,1,0,0,1,1,3,1,3,7,1
1,1,0,12,0,0,0,0,0,0,0,0,0,0,0,11,8,0,1,0,0,2,0,2,2,6,5,1,2,0,608.4,0,0,0,0,0,0,0,1,0,0,0,1,1,0,0,1,1,3,1,3,7,1
1,0,0,1,0,0,0,0,0,0,0,0,0,0,0,5,3,1,0,0,0,1,0,1,2,0,0,2,2,0,0,0,1,1,0,0,0,0,0,1,0,0,1,1,0,0,1,0,6,1,2,9,1
1,0,0,1,0,0,0,1,0,0,0,0,0,1,0,3,2,0,0,0,0,1,0,3,3,3,3,3,3,0,0.0833333333333333,0,0,0,0,1,1,0,0,0,0,0,1,1,0,0,1,1,2,0.5,0,2.5,0
1,0,0,1,0,1,1,0,0,0,1,0,1,4,0,5,5,0,0,0,0,0,0,1,1,1,1,1,1,3,1003.86,1,1,1,0,1,0,0,0,1,0,0,1,1,0,0,1,2,6,1,2,9,1
1,0,0,1,0,1,0,0,0,0,0,0,1,2,0,2,1,0,0,0,0,1,0,1,1,2,1,1,2,0,60.84,0,0,1,0,0,0,1,0,0,0,0,1,1,0,0,1,2,5,1,3,9,1
1,0,0,11,1,0,0,0,0,0,0,1,0,2,0,9,9,0,0,0,0,0,0,5,5,2,5,5,3,0,37,1,1,1,0,0,0,0,0,1,1,0,2,1,0,0,1,1,6,1,3,10,1
1,0,0,1,0,0,0,0,0,0,1,1,1,3,1,8,6,0,0,0,0,2,0,2,6,6,2,2,2,0,30.42,1,0,0,0,0,0,1,1,0,0,0,2,0,1,0,1,1,5,0.5,3,8.5,1
1,0,0,1,0,1,1,0,0,0,0,0,1,3,0,2,1,0,0,0,1,0,0,1,0,0,0,2,0,0,121.68,0,0,0,0,0,0,0,0,1,1,0,2,1,0,0,1,1,6,1,3,10,1
1,0,0,1,0,0,0,0,0,0,0,0,1,1,1,11,11,0,0,0,0,0,0,4,5,3,5,4,7,0,63,1,0,0,0,0,0,0,1,0,0,0,1,0,1,0,1,1,6,1,3,10,1
1,0,0,1,0,1,0,0,0,0,0,0,1,2,0,3,2,0,0,1,0,0,0,3,2,2,2,2,2,2,81.2214,0,1,0,0,1,1,1,0,0,1,0,3,1,0,0,1,2,0,1,2,3,0
1,0,0,1,0,0,0,0,0,0,0,0,1,1,0,5,4,0,0,0,0,1,0,1,1,1,1,1,0,0,365,1,0,0,0,0,0,0,0,0,0,1,1,1,0,0,1,1,6,1,2,9,1
1,0,0,1,0,0,1,0,0,0,0,0,1,2,0,10,10,0,0,0,0,0,0,2,6,5,0,1,4,0,27,0,1,0,0,0,1,1,0,0,0,0,2,1,0,0,1,0,5,1,3,9,1
1,0,0,1,0,1,0,0,0,0,0,0,1,2,0,6,2,1,0,0,2,1,0,2,4,4,4,4,4,0,1,1,1,0,0,0,1,0,0,0,0,0,1,1,1,0,2,1,6,1,1,8,1
1,0,0,1,0,0,0,0,0,0,0,1,0,1,0,9,8,0,0,1,0,0,0,1,1,1,1,8,5,0,42,0,1,1,0,0,0,1,0,0,0,0,1,1,0,0,1,1,2,0.5,2,4.5,0
1,0,0,1,0,0,0,0,0,0,0,0,0,0,0,3,2,0,0,1,0,0,0,1,1,2,1,2,1,0,6,0,1,0,0,0,0,1,1,0,0,0,2,1,0,0,1,3,5,1,3,9,1
1,0,0,1,0,1,0,0,0,0,0,1,0,2,0,2,1,0,0,1,0,0,0,1,2,2,2,1,1,0,12,0,1,0,1,0,0,1,0,1,0,0,2,1,0,0,1,2,4,1,2,7,1
1,0,0,1,0,0,1,0,0,0,0,0,1,2,0,6,4,1,0,0,0,1,0,0,5,1,0,0,0,0,60.84,0,1,1,1,1,1,0,0,0,0,1,2,1,0,0,1,2,3,1,2,6,0
1,0,0,1,0,1,0,0,0,0,0,0,0,1,0,5,3,0,1,0,0,1,0,4,1,1,2,1,1,1,30.42,1,1,1,0,0,1,0,0,1,0,0,2,1,0,0,1,3,5,1,1,7,1
1,0,0,1,0,0,1,0,0,0,0,0,1,2,0,4,3,0,0,0,0,1,0,3,1,2,1,2,2,0,4,0,1,0,0,1,0,1,1,0,0,0,2,0,0,0,0,4,0,0.5,2,2.5,0
1,0,0,1,0,1,1,0,0,0,0,0,1,3,0,4,4,0,0,0,0,0,0,2,3,2,2,3,1,0,1.66,1,1,0,0,0,1,0,0,1,1,0,3,1,0,0,1,1,0,0.5,2,2.5,0
1,0,0,1,0,0,0,0,0,0,0,0,0,0,0,1,0,0,0,1,0,0,0,1,1,1,1,1,1,0,0,1,0,1,0,1,1,1,0,0,0,0,2,1,0,0,1,1,4,1,2,7,1
1,0,0,1,0,0,0,0,0,0,0,0,0,0,0,14,12,0,0,0,0,2,0,13,9,7,7,7,7,0,152.1,1,1,1,0,0,0,0,1,0,0,0,1,0,1,0,1,1,6,1,3,10,1
1,0,0,1,0,0,0,0,0,0,0,0,0,0,1,11,8,1,0,0,0,2,0,6,2,0,0,7,2,0,14,1,1,1,0,0,0,1,0,0,0,0,1,0,0,0,0,1,1,0.5,2,3.5,0
1,0,0,1,0,0,1,0,1,0,0,0,1,3,1,9,8,0,0,0,0,1,0,2,0,5,0,0,6,0,70,0,1,1,0,1,0,1,0,0,0,0,1,1,0,0,1,4,2,0.5,3,5.5,0
1,0,0,1,0,0,0,0,0,0,0,0,1,1,0,6,6,0,0,0,0,0,0,4,4,3,1,1,1,0,70,0,1,0,0,0,0,0,1,0,0,0,1,0,1,0,1,1,6,1,3,10,1
1,0,0,1,0,0,0,0,0,0,1,1,1,3,0,5,3,1,0,0,1,0,0,1,1,1,1,1,0,0,58,1,1,1,0,0,1,0,0,1,0,0,2,1,0,0,1,3,6,1,2,9,1
1,0,0,1,0,0,1,0,0,0,0,0,1,2,0,7,7,0,0,0,0,0,0,3,3,0,2,3,0,0,91.26,0,1,1,0,0,0,0,1,1,0,0,2,1,0,0,1,2,6,0.5,3,9.5,1
1,0,0,1,0,1,0,0,0,0,0,0,0,1,0,9,6,0,0,0,0,3,0,3,2,1,1,4,4,0,60.84,1,0,1,0,1,1,0,0,1,0,0,2,1,0,0,1,3,3,1,3,7,1
1,0,0,1,0,1,0,0,0,0,0,0,1,2,1,5,3,0,0,0,0,2,0,3,1,1,1,2,1,1,1095,1,1,0,0,1,0,0,0,1,1,0,2,1,0,0,1,1,4,0.5,2,6.5,0
1,0,0,1,0,0,0,0,0,0,0,0,0,0,0,10,10,0,0,0,0,0,0,2,4,7,2,3,3,0,91.26,1,1,0,0,0,0,0,0,1,0,0,1,1,1,0,2,1,6,1,2,9,1
1,0,0,1,0,0,0,0,0,0,0,0,1,1,0,3,2,0,0,0,0,1,0,3,0,0,0,0,1,0,14,0,1,0,0,0,0,0,1,0,0,0,1,0,1,0,1,1,1,0.5,1,2.5,0
1,0,0,1,0,0,1,0,0,0,0,0,0,1,0,5,5,0,0,0,0,0,0,1,1,2,0,0,2,0,60.84,0,1,0,0,0,0,1,0,0,0,0,1,1,0,0,1,1,1,0,1,2,0
1,0,0,1,0,0,0,0,0,0,0,1,0,1,0,10,6,0,0,2,0,2,0,1,0,0,4,7,3,0,4,1,1,0,0,1,0,1,0,0,0,0,1,0,1,0,1,5,6,1,3,10,1
1,0,0,1,0,1,0,0,0,0,0,0,0,1,0,10,8,0,1,0,0,1,0,6,4,4,4,4,4,2,3,1,1,1,0,1,0,0,0,1,0,0,1,1,0,0,1,1,4,1,2,7,1
1,0,0,1,0,1,1,0,1,0,0,0,0,3,0,13,9,1,1,0,0,2,0,2,1,2,2,3,11,0,45.5,1,1,1,0,1,0,0,0,1,0,0,1,1,0,0,1,4,1,1,3,5,0
1,0,0,1,0,0,0,0,0,0,0,0,0,0,0,6,6,0,0,0,0,0,0,6,6,5,1,6,6,0,60.84,0,0,0,0,0,0,0,1,1,0,0,2,0,1,0,1,0,6,1,2,9,1
1,0,0,1,0,0,1,0,0,0,0,1,0,2,0,10,9,0,0,0,0,1,0,5,3,7,3,3,4,0,0,0,1,0,0,0,0,1,0,0,0,0,1,1,0,0,1,4,2,1,2,5,0
1,0,0,1,0,1,1,0,0,0,0,1,0,3,0,9,7,0,1,0,0,1,0,1,5,6,7,6,2,0,30.42,1,1,1,0,1,0,0,0,1,0,0,1,1,0,0,1,1,6,1,2,9,1
1,0,0,1,0,0,1,0,0,0,0,0,0,1,0,9,4,0,0,0,1,4,0,3,2,2,4,2,6,1,1.5,0,1,0,0,0,0,0,0,0,0,1,1,1,0,0,1,1,0,1,2,3,0
1,0,0,1,0,1,1,0,1,0,0,0,0,3,1,6,5,0,0,0,0,1,0,3,3,2,2,3,1,0,1.5,1,1,0,0,1,0,0,0,1,0,0,1,1,0,0,1,1,0,1,2,3,0
1,0,0,1,0,0,0,1,0,0,1,0,0,2,0,4,3,1,0,0,0,0,0,2,1,1,2,3,1,0,10,1,0,0,0,0,0,0,0,1,0,0,1,1,0,0,1,1,0,0,2,2,0
1,0,0,1,0,1,0,0,0,0,0,0,0,1,0,1,0,0,0,0,0,1,0,1,0,0,0,0,0,0,1,1,0,0,0,1,0,0,0,0,1,0,1,1,0,0,1,1,3,1,2,6,0
1,0,0,1,0,0,0,0,0,0,0,1,0,1,0,8,6,0,0,2,0,0,0,8,4,3,3,3,3,2,10,1,0,1,0,0,0,1,0,0,0,0,1,1,0,0,1,1,0,1,3,4,0
1,0,0,1,0,1,1,0,0,0,0,0,0,2,0,2,0,0,0,0,0,2,0,2,0,0,0,0,0,0,35,1,1,0,0,0,0,0,0,1,0,0,1,1,0,0,1,1,5,1,2,8,1
1,0,0,4,0,0,0,0,0,0,0,1,0,1,0,5,3,0,1,0,0,1,0,2,2,3,4,2,1,0,30.42,1,1,0,0,0,0,0,1,0,0,0,1,0,1,0,1,1,6,1,3,10,1
1,0,0,1,0,0,0,0,0,0,0,0,0,0,0,2,1,0,0,0,0,1,0,1,1,2,1,1,1,0,0.0833333333333333,0,1,0,0,0,0,1,0,0,0,0,1,0,1,0,1,1,6,1,3,10,1
1,0,0,1,0,1,0,0,0,0,0,0,0,1,0,5,4,0,0,0,0,1,0,2,1,2,2,3,1,0,6,0,1,0,0,0,1,0,0,0,0,0,1,1,0,0,1,1,3,1,3,7,1
1,0,0,1,0,0,1,0,0,0,0,1,1,3,0,18,16,0,0,0,1,1,0,7,2,4,11,0,2,0,60.84,1,1,0,0,0,0,1,0,0,0,0,1,1,0,0,1,2,0,0.5,2,2.5,0
1,0,0,1,0,1,1,0,0,0,0,0,0,2,0,5,3,0,0,0,0,2,0,3,4,0,0,0,0,0,30.42,0,0,0,0,1,0,1,0,1,0,0,2,1,0,0,1,1,6,1,2,9,1
1,0,0,1,0,1,0,0,0,0,0,1,0,2,0,9,8,0,0,0,0,1,0,1,0,4,7,5,1,0,35,1,1,1,0,0,0,0,0,1,1,0,2,1,0,0,1,4,6,1,3,10,1
1,0,0,4,0,0,0,0,0,0,0,0,0,0,0,3,3,0,0,0,0,0,0,0,0,1,3,1,0,0,365,0,0,0,0,0,0,0,1,1,0,0,2,0,1,0,1,2,3,1,2,6,0
1,0,0,1,0,1,1,0,0,0,0,0,0,2,1,6,4,0,0,0,0,2,0,5,4,0,0,0,0,0,45.63,1,1,1,0,1,0,0,0,1,0,0,1,1,0,0,1,2,6,1,2,9,1
1,0,0,1,0,0,0,0,0,0,0,0,1,1,1,4,2,0,0,0,0,2,0,2,1,1,1,1,3,0,18,0,0,0,0,0,0,0,0,1,1,0,2,0,1,0,1,1,6,1,2,9,1
1,0,0,1,0,0,0,0,0,0,0,1,0,1,0,3,1,0,1,1,0,0,0,2,3,3,3,2,2,0,17.5,1,1,1,1,1,0,1,0,0,0,0,1,1,0,0,1,2,6,1,2,9,1
1,0,0,1,0,0,0,0,0,0,0,0,0,0,0,5,5,0,0,0,0,0,0,2,2,2,1,2,4,0,182.52,1,1,1,0,0,0,0,1,0,0,0,1,0,1,0,1,2,4,1,3,8,1
1,0,0,1,0,0,0,0,0,0,0,0,0,0,0,6,6,0,0,0,0,0,0,3,2,0,0,0,2,2,60.84,1,1,0,0,0,0,0,1,0,0,0,1,0,1,0,1,1,6,1,1,8,1
1,0,0,1,0,1,1,0,0,0,0,0,0,2,0,7,3,1,0,0,2,1,0,3,2,3,4,3,1,1,243.36,1,1,0,1,1,0,1,0,1,0,0,2,1,0,0,1,2,2,1,3,6,0
1,0,0,1,0,0,0,0,0,0,0,0,1,1,0,7,7,0,0,0,0,0,0,1,1,1,1,2,4,1,304.2,0,1,1,0,0,0,0,1,1,0,0,2,0,1,0,1,2,6,1,3,10,1
1,0,0,1,0,0,0,0,0,0,0,1,0,1,0,9,8,0,0,0,0,1,0,1,1,3,2,4,3,0,33,1,1,1,0,0,0,1,0,0,0,0,1,1,0,0,1,2,5,1,2,8,1
1,0,0,1,0,1,1,0,0,0,0,0,1,3,1,7,5,2,0,0,0,0,0,2,3,4,3,2,1,0,4,1,0,0,0,0,0,0,0,1,1,0,2,1,0,0,1,1,3,1,1,5,0
1,0,0,1,0,1,1,0,0,0,0,0,1,3,1,4,2,0,0,0,0,2,0,2,1,1,1,0,0,1,1.2,1,1,0,0,1,0,1,0,1,0,0,2,1,0,0,1,1,6,1,1,8,1
1,0,0,1,0,0,1,0,0,0,0,0,0,1,0,5,5,0,0,0,0,0,0,3,1,0,0,0,3,0,0,1,0,0,0,0,0,1,0,1,0,0,2,1,0,0,1,1,5,1,1,7,1
1,0,0,1,0,0,0,1,0,0,0,0,0,1,0,1,1,0,0,0,0,0,0,1,0,0,0,1,0,0,2.5,1,0,1,0,0,0,0,0,1,0,0,1,0,1,0,1,2,4,0.5,2,6.5,0
1,0,0,1,0,0,0,0,0,0,0,0,0,0,0,2,1,0,0,1,0,0,0,2,1,1,1,1,1,0,20,1,0,0,0,1,0,1,0,0,0,0,1,1,0,0,1,1,0,0,1,1,0
1,0,0,1,0,0,1,0,0,0,0,0,1,2,0,9,6,2,0,0,0,1,0,5,1,0,7,0,9,0,10,1,0,0,0,1,1,0,0,1,0,0,2,0,1,0,1,3,0,1,2,3,0
1,0,0,1,0,0,0,0,0,0,0,0,0,0,0,4,3,0,0,0,0,1,0,1,4,2,1,1,1,1,14,1,1,0,0,0,1,0,1,0,0,0,2,0,1,0,1,0,1,1,3,5,0
1,0,0,1,0,0,0,0,0,0,0,0,0,0,0,4,3,0,1,0,0,0,0,3,1,1,2,1,1,0,182.52,0,1,1,0,0,0,0,0,1,0,0,1,0,1,0,1,1,1,1,2,4,0
1,0,0,1,0,0,1,0,0,0,0,0,0,1,1,7,7,0,0,0,0,0,0,7,0,0,0,2,1,0,3,1,1,0,0,0,0,0,0,1,0,0,1,0,1,0,1,1,2,1,3,6,0
1,0,0,1,0,0,0,0,0,0,0,0,1,1,0,3,3,0,0,0,0,0,0,1,2,0,0,0,2,0,60.84,1,1,1,0,0,0,1,0,1,0,0,2,0,1,0,1,1,2,1,2,5,0
1,0,0,1,0,0,0,0,0,0,1,0,0,1,0,14,9,0,0,0,1,4,0,6,0,10,7,7,4,0,60.84,1,1,0,0,1,0,1,0,0,0,0,1,0,1,0,1,1,5,1,3,9,1
1,0,0,1,0,0,1,0,1,0,0,1,0,3,0,16,9,1,0,1,1,4,0,6,3,2,6,7,3,0,15,1,1,0,0,1,0,1,0,0,0,0,1,0,1,0,1,2,0,0.5,3,3.5,0
1,0,0,1,1,1,0,0,0,0,0,0,0,2,0,10,4,0,0,0,3,3,0,2,2,2,2,2,4,7,167.31,0,0,0,0,0,1,0,1,1,1,0,4,0,1,0,1,2,3,1,1,5,0
1,0,0,1,0,1,1,0,0,0,0,0,0,2,1,7,3,2,1,1,0,0,0,3,4,4,4,6,2,0,14,1,1,0,1,1,0,0,0,1,0,0,1,1,0,0,1,3,2,1,3,6,0
1,0,0,1,0,1,0,0,0,0,0,0,1,2,0,5,3,0,0,2,0,0,0,3,2,2,2,4,3,0,76.05,1,0,0,0,1,0,1,0,1,0,0,2,1,0,0,1,2,5,1,3,9,1
1,0,0,1,0,0,0,0,0,0,0,0,0,0,0,4,1,1,0,1,0,1,0,2,2,2,2,3,0,0,0.333333333333333,0,0,0,0,1,0,0,0,1,0,0,1,1,0,0,1,1,4,1,1,6,0
1,0,0,1,0,0,0,0,0,0,0,1,0,1,1,19,15,0,2,0,0,2,0,8,10,9,9,7,6,1,273.78,1,1,0,0,0,0,1,0,0,0,0,1,1,0,0,1,1,6,1,3,10,1
1,0,0,1,0,1,0,0,0,0,0,1,0,2,0,8,7,1,0,0,0,0,0,2,4,0,0,0,4,0,14,1,1,1,0,0,0,0,0,1,0,0,1,0,1,0,1,2,0,1,3,4,0
1,0,0,1,0,1,0,0,0,0,0,1,0,2,1,14,8,0,0,0,1,5,0,11,3,0,6,6,5,0,121.68,1,1,0,0,0,0,0,0,1,0,0,1,1,0,0,1,1,1,1,3,5,0
1,0,0,1,0,0,0,0,1,0,0,0,0,1,0,12,10,0,1,1,0,0,0,9,9,9,9,10,11,0,60.84,1,0,1,1,1,0,1,0,0,0,0,1,1,0,0,1,2,6,1,2,9,1
1,0,0,1,0,0,0,0,0,0,0,0,0,0,0,7,5,0,0,0,1,1,0,3,3,5,4,3,5,0,10,1,1,0,0,1,0,0,0,1,0,0,1,1,0,0,1,2,0,1,2,3,0
1,0,0,1,0,0,0,0,0,0,0,0,0,0,0,4,2,0,0,2,0,0,0,3,2,2,2,2,2,1,0.833333333333333,0,0,0,0,0,0,1,0,0,0,0,1,1,0,0,1,3,6,1,3,10,1
1,0,0,1,0,0,0,0,0,0,0,1,0,1,0,9,8,0,0,0,0,1,0,1,5,1,4,1,1,5,30.42,0,1,1,0,0,0,1,0,1,0,0,2,1,0,0,1,4,0,1,2,3,0
1,0,0,1,0,0,1,0,0,0,0,0,0,1,0,5,3,0,0,0,0,2,0,4,0,0,0,1,0,0,45.63,1,0,0,0,0,0,1,0,0,0,0,1,1,0,0,1,1,0,1,0,1,0
1,0,0,1,0,0,0,0,0,0,0,0,0,0,0,7,7,0,0,0,0,0,0,4,3,3,3,4,4,1,40,0,0,0,0,0,0,0,1,0,0,0,1,1,0,0,1,3,5,1,2,8,1
1,0,0,1,0,0,0,0,0,0,0,1,0,1,1,14,13,0,0,0,0,1,0,10,9,11,9,9,10,0,4.3,1,1,1,0,1,1,0,0,0,0,1,2,1,0,0,1,3,3,1,3,7,1
1,0,0,1,0,0,1,0,0,0,0,0,0,1,0,7,5,0,0,0,0,2,0,3,4,0,0,0,0,1,60.84,1,1,0,0,0,0,0,0,1,0,0,1,1,0,0,1,1,4,1,2,7,1
1,0,0,1,1,0,0,0,0,0,0,0,0,1,0,7,3,0,1,1,1,1,0,3,2,2,2,2,5,1,30.42,1,0,0,1,1,0,1,0,1,0,0,2,1,0,0,1,3,0,1,2,3,0
1,0,0,1,0,0,0,0,0,0,0,0,0,0,0,1,0,0,0,0,0,1,0,1,1,1,1,1,1,0,1,0,1,0,0,0,0,0,0,1,0,0,1,1,0,0,1,1,6,1,1,8,1
1,0,0,1,0,0,0,0,0,0,0,0,0,0,0,10,8,0,1,0,0,1,0,4,3,7,1,1,1,1,5,1,1,1,0,0,0,0,1,0,0,0,1,0,1,0,1,4,6,1,3,10,1
1,0,0,2,0,0,0,0,0,0,1,0,0,1,0,7,6,0,0,0,0,1,0,2,1,3,3,2,1,2,0,1,0,1,0,0,0,0,1,0,0,0,1,0,1,0,1,1,5,1,3,9,1
1,0,0,1,1,0,0,0,0,0,0,0,0,1,1,9,5,0,1,1,0,2,0,7,5,5,8,6,6,2,30,1,1,0,1,1,0,1,0,1,0,0,2,1,0,0,1,7,5,1,3,9,1
1,0,0,1,0,0,0,0,0,0,0,0,0,0,0,8,5,0,0,2,0,1,0,2,1,2,3,2,1,0,182.52,0,0,1,0,0,0,1,0,0,0,0,1,1,0,0,1,2,6,1,3,10,1
1,0,0,1,0,0,0,1,0,0,0,1,0,2,0,8,6,0,0,2,0,0,0,1,1,2,4,2,2,0,24.5,1,1,1,0,1,0,1,0,1,0,0,2,1,0,0,1,1,4,1,3,8,1
1,0,0,1,0,1,0,0,0,0,0,1,0,2,0,14,8,1,1,0,0,4,0,2,4,4,3,3,0,0,13,1,1,1,1,1,0,1,0,1,0,0,2,1,0,0,1,5,0,1,3,4,0
1,1,0,5,0,0,0,0,0,0,0,0,0,0,1,11,9,0,0,0,1,1,0,3,1,6,3,0,2,0,365,1,0,0,0,0,0,0,1,0,0,0,1,0,1,0,1,1,6,1,2,9,1
1,0,0,1,0,0,0,0,1,0,0,0,0,1,0,4,4,0,0,0,0,0,0,1,2,0,0,0,1,0,1.16666666666667,1,1,0,1,1,0,1,0,1,0,0,2,1,0,0,1,3,1,1,3,5,0
1,0,0,1,1,1,0,0,0,0,0,0,0,2,0,6,3,0,0,1,0,2,0,3,3,3,3,3,3,5,13,0,0,0,0,1,1,1,0,1,0,0,3,1,0,0,1,7,3,1,3,7,1
1,0,0,1,0,0,0,0,1,0,0,0,0,1,0,8,6,0,0,0,0,2,0,1,1,1,1,1,1,6,30.42,0,1,0,0,1,0,0,1,0,0,0,1,0,1,0,1,1,0,1,2,3,0
1,0,0,1,0,0,0,1,0,0,0,1,0,2,0,13,10,0,0,0,0,3,0,9,0,1,1,0,4,0,45.5,0,1,1,0,0,1,1,0,1,0,0,3,0,1,0,1,1,0,1,3,4,0
1,0,0,1,0,0,0,0,0,0,0,0,0,0,0,5,1,0,0,0,0,4,0,2,2,2,2,2,3,2,1,0,1,1,0,0,0,1,0,1,0,0,2,0,1,0,1,1,6,1,3,10,1
1,0,0,2,0,0,0,0,0,0,0,0,0,0,0,3,2,0,1,0,0,0,0,2,0,0,0,0,0,1,14,0,0,0,0,0,0,0,1,1,0,0,2,0,1,0,1,3,6,1,3,10,1
1,0,0,1,0,1,0,0,0,0,0,1,0,2,0,9,8,0,0,0,0,1,0,7,0,0,0,7,7,0,10,1,1,1,0,0,0,0,0,1,0,0,1,1,0,0,1,5,0,1,3,4,0
1,1,0,3,0,0,0,0,0,0,0,0,0,0,1,9,7,0,1,0,0,1,0,5,0,0,2,2,0,2,121.68,1,0,1,0,0,0,0,1,0,0,0,1,1,0,0,1,3,4,1,3,8,1
1,0,0,1,1,0,0,0,0,0,0,1,0,2,0,12,10,0,0,0,0,2,0,6,2,2,6,2,2,0,365,1,0,0,0,0,0,0,1,1,1,0,3,0,1,0,1,2,6,1,3,10,1
1,0,0,2,0,0,0,0,0,0,0,1,0,1,1,10,7,0,2,0,0,1,0,4,6,6,7,6,5,1,243.36,1,0,1,0,1,0,0,1,0,0,0,1,0,1,0,1,2,5,1,3,9,1
1,0,0,1,0,0,0,0,0,0,0,1,0,1,0,11,9,0,0,0,0,2,0,7,2,3,1,1,2,0,273.78,1,1,1,0,1,0,1,1,0,0,0,2,0,1,0,1,5,3,1,2,6,0
1,0,0,1,0,0,0,0,0,0,0,0,0,0,0,8,7,0,0,0,0,1,0,2,2,3,2,3,3,1,42,1,0,0,0,0,0,0,1,0,0,0,1,0,1,0,1,2,6,1,2,9,1
1,0,0,1,0,0,0,0,0,0,0,0,0,0,0,10,8,0,0,0,0,2,0,5,3,2,2,2,5,1,121.68,1,0,1,1,1,0,0,1,0,0,0,1,0,1,0,1,1,0,1,3,4,0
1,0,0,1,0,0,1,0,0,0,0,1,0,2,0,7,7,0,0,0,0,0,0,5,5,1,1,1,4,0,273.78,1,1,0,0,0,0,1,0,0,0,0,1,1,0,0,1,3,5,1,3,9,1
1,0,0,1,0,0,1,0,0,0,0,0,0,1,0,28,22,0,1,0,1,4,0,7,8,10,5,11,3,1,212.94,1,1,1,0,0,0,1,0,1,0,0,2,1,0,0,1,2,5,1,3,9,1
1,0,0,1,0,0,1,0,0,0,0,1,0,2,0,9,7,0,0,0,0,2,0,8,0,0,5,0,1,0,121.68,1,1,1,0,0,0,1,0,1,0,0,2,1,0,0,1,1,1,1,1,3,0
1,0,0,1,0,0,0,1,1,0,0,0,0,2,0,14,9,0,0,3,1,1,0,8,3,3,3,11,3,0,30.42,1,1,0,1,1,0,1,0,1,0,0,2,0,1,0,1,2,6,1,3,10,1
1,0,0,2,0,1,0,0,0,0,0,1,0,2,0,13,12,0,0,0,0,1,0,5,4,2,9,9,1,0,4,1,1,1,0,0,1,0,0,0,0,0,1,1,0,0,1,5,6,1,3,10,1
1,0,0,1,0,1,0,0,0,0,0,0,0,1,1,1,0,0,0,1,0,0,0,1,1,1,1,1,1,0,1,1,1,0,0,1,0,0,0,1,0,0,1,1,0,0,1,2,0,1,2,3,0
1,0,0,2,0,0,0,0,1,0,1,1,0,3,0,22,16,1,2,0,1,2,0,11,21,4,5,4,4,0,121.68,1,1,1,1,1,1,0,0,0,0,0,1,0,1,0,1,7,2,0.5,3,5.5,0
1,0,0,1,0,1,0,0,0,0,0,0,1,2,0,9,5,0,0,3,0,1,0,4,2,1,1,1,4,1,5,1,1,0,0,1,0,1,0,1,0,0,2,1,0,0,1,1,6,1,3,10,1
1,0,0,1,0,0,1,0,0,0,0,0,1,2,0,8,6,0,0,0,2,0,0,2,1,4,1,3,1,0,2,0,1,1,0,0,1,0,0,0,0,0,1,0,1,0,1,4,6,1,3,10,1
1,0,0,1,0,0,1,0,0,0,0,0,0,1,0,8,8,0,0,0,0,0,0,1,0,0,6,6,6,1,0.166666666666667,1,1,0,0,0,0,0,0,1,0,0,1,0,1,0,1,1,4,1,1,6,0
1,0,0,1,0,0,1,0,1,0,0,0,0,2,0,5,4,0,0,0,0,1,0,1,1,3,1,2,1,0,5,1,1,0,0,1,0,1,0,0,0,0,1,1,0,0,1,2,5,1,2,8,1
1,0,0,1,0,0,1,0,0,0,0,0,0,1,1,8,7,0,0,0,0,1,0,4,2,2,0,3,1,0,212.94,1,0,0,0,0,0,1,0,1,0,0,2,1,0,0,1,3,0,1,1,2,0
1,0,0,1,0,0,1,0,0,0,0,0,0,1,0,5,5,0,0,0,0,0,0,1,4,1,0,1,1,0,12,1,0,0,0,0,0,1,0,0,0,0,1,1,0,0,1,1,0,1,0,1,0
1,0,0,1,0,1,0,0,0,0,0,0,0,1,0,8,6,0,0,1,0,1,0,2,0,0,0,7,2,0,76.05,1,1,1,0,1,0,1,0,1,0,0,2,1,0,0,1,2,3,1,3,7,1
1,0,0,1,0,0,0,0,0,0,0,1,0,1,0,6,6,0,0,0,0,0,0,2,0,0,2,1,0,3,11,0,1,0,0,0,0,0,0,1,0,0,1,0,1,0,1,3,0,1,2,3,0
1,0,0,1,0,0,1,0,0,0,0,1,0,2,0,9,7,0,0,1,0,1,0,7,3,3,1,1,3,0,14,1,1,0,0,1,0,1,0,0,0,0,1,1,0,0,1,3,5,1,3,9,1
1,0,0,1,0,0,0,0,0,0,0,0,1,1,0,8,7,0,0,1,0,0,0,4,8,5,5,5,5,0,1,1,1,0,0,0,0,1,0,0,0,0,1,1,1,0,2,1,5,1,3,9,1
1,0,0,1,0,0,1,0,0,0,0,0,0,1,0,10,7,1,0,0,1,1,0,9,2,3,3,3,3,0,1,1,1,1,0,0,0,0,0,1,0,0,1,1,0,0,1,2,6,1,3,10,1
1,1,0,11,0,0,0,0,0,0,0,1,0,1,0,17,14,0,3,0,0,0,0,8,9,8,10,9,9,8,365,1,1,1,0,0,0,0,0,1,0,0,1,1,0,0,1,2,6,1,3,10,1
1,0,0,1,0,1,0,0,0,0,0,1,0,2,0,9,6,0,1,0,0,2,0,8,8,7,7,7,7,0,365,1,1,1,0,0,0,1,0,1,0,0,2,1,0,0,1,1,6,1,3,10,1
1,0,0,1,0,0,1,0,0,0,0,0,0,1,0,10,9,0,0,0,0,1,0,2,3,4,1,1,2,0,60.84,1,1,1,0,0,0,1,0,1,0,0,2,1,0,0,1,2,4,1,3,8,1
1,0,0,1,0,0,1,0,0,0,0,0,0,1,0,7,4,0,1,0,1,1,0,4,3,1,1,1,1,1,2,1,1,0,0,0,0,0,0,1,0,0,1,1,0,0,1,1,4,1,3,8,1
1,0,0,1,0,1,1,0,0,0,0,0,1,3,0,6,4,0,0,0,0,2,0,1,1,5,2,3,2,0,121.68,1,1,1,0,0,0,0,0,1,0,0,1,1,0,0,1,1,5,1,2,8,1
1,0,0,1,1,1,0,0,0,0,0,0,0,2,0,20,13,0,0,0,2,5,0,10,5,6,4,4,4,9,91.26,1,1,1,0,0,0,1,1,1,1,0,4,1,1,0,2,1,3,0,3,6,0
1,0,0,1,0,0,0,0,0,0,0,1,1,2,0,6,5,0,0,0,1,0,0,4,1,1,1,4,1,0,12.5,1,0,1,0,0,0,0,0,1,0,0,1,0,1,0,1,2,6,1,3,10,1
1,0,0,1,0,0,1,0,0,0,0,0,0,1,0,12,11,0,0,0,0,1,0,7,0,0,0,10,1,0,8.5,0,1,0,0,0,0,0,0,1,0,0,1,1,0,0,1,1,0,0.5,1,1.5,0
1,0,0,1,0,0,0,0,0,0,0,1,1,2,0,8,8,0,0,0,0,0,0,2,2,2,2,7,2,0,0,1,1,0,0,0,0,1,0,1,0,0,2,0,1,0,1,2,6,1,3,10,1
1,0,0,1,0,0,0,0,0,0,0,0,0,0,0,7,7,0,0,0,0,0,0,2,1,4,1,0,5,0,4,1,0,0,0,0,0,0,0,1,0,0,1,1,0,0,1,2,1,1,3,5,0
1,0,0,1,0,1,1,1,0,0,0,0,1,4,0,8,7,1,0,0,0,0,0,1,0,0,1,0,6,0,35,1,1,1,0,0,1,0,0,1,1,0,3,1,0,0,1,1,5,1,3,9,1
1,0,0,1,0,1,0,0,0,0,0,0,0,1,0,10,9,0,0,0,0,1,0,5,5,0,0,0,0,1,91.26,0,0,0,0,0,0,0,1,0,0,0,1,0,1,0,1,1,4,1,1,6,0
1,0,0,1,0,0,0,0,1,0,0,0,0,1,1,6,2,0,0,0,1,3,0,3,3,3,3,3,3,3,7,1,1,1,1,1,0,0,0,1,0,0,1,1,0,0,1,5,3,0.5,2,5.5,0
1,0,0,1,0,0,0,0,0,0,0,0,0,0,0,10,7,0,0,1,1,1,0,3,7,4,5,2,2,2,4,1,1,1,1,0,1,1,0,0,0,0,2,0,1,0,1,3,0,1,3,4,0
1,0,0,1,0,0,1,0,0,0,0,0,1,2,0,8,8,0,0,0,0,0,0,5,6,1,1,1,1,0,2,1,0,0,0,0,0,1,0,1,0,0,2,0,1,0,1,1,2,1,1,4,0
1,0,0,1,0,0,0,1,0,0,0,0,0,1,0,4,2,0,0,0,1,1,0,1,2,2,2,2,3,0,38,0,1,0,0,0,1,0,0,1,0,0,2,1,0,0,1,4,0,1,2,3,0
1,0,0,1,0,0,0,0,0,0,0,0,0,0,0,3,2,0,0,1,0,0,0,2,2,2,2,2,2,1,28,1,1,1,1,0,0,1,0,1,0,0,2,1,0,0,1,2,3,1,3,7,1
1,0,0,2,0,0,0,0,1,0,0,0,0,1,0,2,0,0,0,0,1,1,0,2,1,0,0,0,0,1,3,1,0,0,0,1,1,0,0,1,0,1,3,0,0,1,1,1,5,1,2,8,1
1,0,0,1,0,1,1,0,1,0,0,1,0,4,0,5,1,1,0,0,0,3,0,0,4,3,3,3,5,0,14,1,1,0,0,1,0,0,0,1,0,0,1,1,0,0,1,1,5,1,2,8,1
1,0,0,1,0,1,0,0,0,0,0,0,1,2,0,3,2,0,0,0,0,1,0,1,3,0,0,0,0,2,243.36,1,1,1,0,0,0,0,0,1,1,0,2,1,0,0,1,1,5,1,2,8,1
1,0,0,1,0,0,0,0,0,0,1,0,0,1,0,5,4,0,0,0,0,1,0,1,2,2,1,1,1,2,0.5,1,0,0,0,1,0,0,0,0,0,1,1,1,0,0,1,1,0,1,2,3,0
1,0,0,1,0,0,0,0,0,0,0,0,0,0,1,6,4,0,0,0,0,2,0,1,2,4,0,0,2,0,547.56,0,0,0,1,1,0,0,1,0,0,0,1,1,0,0,1,1,5,1,3,9,1
1,0,0,1,0,0,0,0,0,0,1,0,0,1,0,15,14,0,0,0,0,1,0,3,3,3,3,6,8,1,152.1,1,0,0,0,0,0,0,1,1,0,0,2,0,1,0,1,1,4,1,3,8,1
1,0,0,1,0,1,1,0,0,0,0,0,0,2,1,16,15,0,0,0,1,0,0,9,11,9,4,4,11,0,21,1,1,0,0,0,1,0,0,1,1,0,3,1,0,0,1,1,0,1,3,4,0
1,0,0,1,0,0,0,0,0,0,0,0,0,0,0,8,5,1,0,0,0,2,0,7,7,6,6,6,6,0,15,0,0,0,1,1,1,1,0,1,0,0,3,1,0,0,1,1,2,0,3,5,0
1,0,0,1,0,0,0,0,0,0,0,0,0,0,0,4,4,0,0,0,0,0,0,1,1,1,1,1,1,3,40,0,0,0,0,0,0,0,1,0,0,0,1,1,0,0,1,1,4,1,0,5,0
1,0,0,1,0,0,0,0,0,0,0,0,0,0,0,6,5,0,0,0,0,1,0,6,3,0,0,0,0,5,60.84,1,1,0,0,1,0,1,1,0,0,0,2,0,1,0,1,2,0,0,1,1,0
1,0,0,1,0,0,1,0,0,0,0,1,0,2,0,13,7,2,0,3,0,1,0,9,3,1,1,4,6,0,228.15,1,1,1,0,1,0,1,0,1,0,0,2,1,0,0,1,2,2,1,1,4,0
1,0,0,1,0,0,1,0,0,0,0,0,0,1,1,5,3,0,0,0,0,2,0,2,2,2,2,2,3,0,3,1,1,1,0,0,0,1,0,0,0,0,1,1,0,0,1,1,4,1,1,6,0
1,0,0,1,0,0,0,0,0,0,0,0,0,0,0,4,4,0,0,0,0,0,0,2,1,0,0,0,2,1,152.1,1,1,1,0,0,0,1,0,0,0,0,1,1,1,0,2,1,3,1,2,6,0
1,0,0,1,0,0,1,0,0,0,0,1,0,2,0,6,6,0,0,0,0,0,0,2,0,0,0,2,2,0,17.5,1,1,0,0,0,0,1,0,1,0,0,2,1,0,0,1,1,4,1,1,6,0
1,0,0,1,0,0,1,0,0,0,0,0,0,1,0,6,6,0,0,0,0,0,0,2,2,2,3,1,4,0,730,0,1,1,0,0,0,1,0,0,0,0,1,1,0,0,1,1,4,1,2,7,1
1,0,0,1,0,0,0,1,0,0,0,1,0,2,0,9,5,0,1,1,0,2,0,8,7,7,7,6,5,0,0,1,1,0,1,0,0,1,0,0,0,0,1,1,0,0,1,4,1,1,3,5,0
1,0,0,1,0,0,1,0,0,0,0,0,0,1,0,5,4,1,0,0,0,0,0,1,0,0,0,0,1,3,365,1,0,1,0,0,0,1,0,1,0,0,2,1,0,0,1,1,6,1,1,8,1
1,0,0,1,0,0,0,0,0,0,0,0,0,0,0,8,7,0,0,0,0,1,0,2,4,3,2,1,1,1,63,1,1,1,0,0,0,0,1,1,0,0,2,0,1,0,1,2,5,1,3,9,1
1,0,0,1,0,0,1,0,0,0,0,0,0,1,0,5,4,0,0,0,0,1,0,0,2,2,0,4,2,1,0.333333333333333,0,0,0,0,1,0,1,0,1,0,0,2,1,0,0,1,1,0,1,2,3,0
1,0,0,1,0,0,0,0,0,0,0,0,0,0,0,6,5,0,0,0,0,1,0,5,2,1,1,1,1,1,60.84,1,0,0,1,1,0,0,1,0,0,0,1,0,1,0,1,4,0,1,3,4,0
1,0,0,1,0,0,0,0,0,0,0,0,0,0,1,8,3,0,0,0,1,4,0,3,3,3,3,3,3,5,11,0,1,1,0,1,0,1,0,1,0,0,2,1,0,0,1,1,1,1,3,5,0
1,0,0,1,0,0,0,0,0,0,0,0,0,0,1,5,3,0,0,0,0,2,0,3,3,3,3,3,3,2,21,1,1,1,0,1,0,0,0,1,0,1,2,1,0,0,1,1,0,0,3,3,0
1,0,0,1,0,0,0,0,0,0,0,0,0,0,0,4,1,0,2,1,0,0,0,2,2,2,2,2,2,2,16,1,1,1,0,1,0,1,0,0,0,0,1,1,0,0,1,1,6,1,3,10,1
1,0,0,1,0,0,1,0,0,0,0,0,0,1,0,7,7,0,0,0,0,0,0,6,6,6,6,6,6,1,60.84,1,1,1,0,0,0,0,0,1,0,0,1,1,0,0,1,4,6,1,3,10,1
1,0,0,1,0,0,0,0,1,0,0,0,0,1,0,11,10,0,0,0,1,0,0,1,6,3,3,3,1,3,2,0,0,1,0,1,0,1,1,1,0,0,3,0,1,0,1,5,6,1,3,10,1
1,0,0,1,0,0,1,0,0,0,0,0,0,1,0,4,4,0,0,0,0,0,0,1,2,1,1,3,1,0,10,1,0,1,0,0,0,0,0,1,0,0,1,1,0,0,1,1,0,1,3,4,0
1,0,0,1,0,0,0,0,0,0,0,0,0,0,0,3,2,0,0,1,0,0,0,2,2,2,2,2,2,1,0.416666666666667,0,0,0,0,0,0,1,0,0,0,0,1,1,0,0,1,1,1,0,0,1,0
1,0,0,1,0,0,0,0,0,0,0,0,0,0,0,1,0,0,0,1,0,0,0,1,1,1,1,1,1,0,0,0,0,0,0,0,1,0,0,0,0,0,1,1,0,0,1,1,6,1,1,8,1
1,0,0,1,1,1,0,0,0,0,0,0,0,2,0,16,13,0,0,0,1,2,0,2,12,11,11,11,7,0,0,1,1,1,0,0,0,1,0,1,1,0,3,0,1,0,1,5,6,1,2,9,1
1,0,0,1,0,0,0,0,0,0,0,0,1,1,0,8,4,0,0,0,1,2,1,7,6,5,6,6,6,0,91.26,0,1,0,0,0,1,1,0,0,0,0,2,0,1,0,1,1,5,1,2,8,1
1,0,0,1,0,1,0,0,0,0,0,0,0,1,0,4,3,0,0,1,0,0,0,1,1,1,3,1,1,0,1,0,0,0,0,0,0,1,0,0,1,0,2,0,1,0,1,2,0,1,3,4,0
1,0,0,1,0,1,0,0,1,0,0,0,0,2,0,14,7,0,1,2,1,3,0,11,8,8,5,5,8,0,121.68,1,1,0,1,1,1,1,0,0,1,0,3,1,0,0,1,1,2,0.5,3,5.5,0
1,1,0,2,0,0,0,0,0,0,0,0,0,0,0,13,12,0,0,0,0,1,0,9,1,5,7,7,7,0,730,1,0,0,0,0,0,0,0,0,0,1,1,1,0,0,1,4,0,1,2,3,0
1,0,0,1,0,0,1,0,0,0,0,1,0,2,0,11,9,0,0,0,0,2,0,1,1,2,1,6,4,1,365,0,1,1,0,0,0,1,0,1,0,0,2,1,0,0,1,1,5,1,3,9,1
1,0,0,1,0,0,1,0,0,0,0,0,0,1,0,18,16,0,0,0,0,2,0,6,8,6,6,11,7,0,182.52,1,1,1,0,0,1,1,0,0,0,0,2,1,0,0,1,1,5,1,3,9,1
1,0,0,1,0,0,0,0,0,0,0,0,0,0,0,10,7,0,0,2,0,1,0,4,6,2,2,6,3,0,4,0,1,0,0,1,0,1,0,0,0,0,1,1,0,0,1,1,3,1,2,6,0
1,0,0,1,0,0,0,0,0,0,0,0,0,0,0,5,5,0,0,0,0,0,0,3,2,2,2,3,3,0,4,0,1,1,0,0,0,1,0,1,0,0,2,1,0,0,1,3,3,1,2,6,0
1,0,0,1,0,0,0,0,0,0,0,0,0,0,0,4,3,0,0,0,0,1,0,1,1,1,1,1,4,0,0,1,0,1,0,0,0,0,0,1,1,1,3,0,0,1,1,1,4,1,1,6,0
1,0,0,1,0,0,0,0,1,0,0,0,0,1,0,7,3,0,1,3,0,0,0,1,1,3,4,4,5,0,11,1,1,1,1,1,1,1,0,0,0,0,2,0,1,0,1,2,0,0.5,3,3.5,0
1,0,0,1,0,1,1,0,0,0,0,0,0,2,0,5,4,0,0,0,0,1,0,4,1,4,1,1,2,0,0.833333333333333,1,0,0,0,0,1,0,0,1,1,0,3,0,1,0,1,1,3,0.5,3,6.5,0
1,0,0,1,0,1,0,0,0,0,1,0,0,2,1,5,2,0,1,0,0,2,0,4,5,4,4,3,2,0,1.5,1,1,0,0,0,0,1,0,1,0,0,2,1,0,0,1,1,5,1,3,9,1
1,0,0,1,0,1,0,0,1,0,1,0,0,3,0,11,11,0,0,0,0,0,0,8,7,1,0,0,6,0,395.46,1,1,1,0,0,0,1,0,1,1,0,3,1,0,0,1,5,4,1,3,8,1
1,0,0,1,0,0,0,0,0,0,0,0,0,0,1,8,8,0,0,0,0,0,0,2,3,2,2,4,3,0,474.5,1,1,1,0,1,0,0,1,0,0,0,1,1,0,0,1,1,5,1,2,8,1
1,0,0,1,0,0,0,0,1,0,0,0,1,2,0,7,2,1,0,1,0,2,1,2,7,6,5,5,5,1,0.666666666666667,1,1,1,1,1,1,1,0,1,1,0,4,1,0,0,1,1,0,0.5,3,3.5,0
1,1,0,5,0,0,0,0,0,0,1,0,0,1,0,10,7,0,0,0,0,3,0,4,7,9,5,4,1,0,304.2,1,1,0,0,1,0,0,1,0,0,0,1,0,1,0,1,3,6,1,3,10,1
1,0,0,1,0,1,1,0,0,0,0,0,0,2,0,2,1,0,0,0,0,1,0,2,2,2,2,2,2,0,0,1,0,0,1,1,0,0,0,1,1,0,2,1,0,0,1,3,4,1,2,7,1
1,0,0,1,0,0,1,0,0,0,0,0,0,1,0,10,9,0,0,0,0,1,0,5,3,3,4,6,2,0,2,1,1,1,0,0,0,1,0,1,0,0,2,1,0,0,1,1,4,1,3,8,1
1,0,0,1,0,0,1,0,0,0,0,0,1,2,0,7,6,0,0,0,0,1,0,1,3,2,0,1,3,1,243.36,1,0,0,0,0,0,1,0,0,0,0,1,1,0,0,1,1,4,1,1,6,0
1,0,0,1,0,1,0,0,0,0,0,0,1,2,1,3,1,0,1,0,0,1,0,2,2,2,2,2,2,1,0,1,1,1,0,1,1,0,0,1,0,0,2,1,0,0,1,1,6,1,2,9,1
1,0,0,1,0,1,0,0,1,0,0,0,0,2,0,12,7,0,1,0,3,1,0,11,7,8,8,8,9,1,64,1,1,1,0,1,1,0,0,1,0,0,2,1,0,0,1,1,6,1,3,10,1
1,0,0,1,0,0,0,0,0,0,0,0,0,0,0,6,5,0,0,1,0,0,0,3,3,3,3,3,3,3,14,0,0,0,0,0,0,1,0,0,0,0,1,1,0,0,1,5,2,0.5,1,3.5,0
1,0,0,1,0,0,0,0,1,0,0,0,0,1,0,9,7,0,0,2,0,0,0,9,6,6,5,5,6,0,67,1,1,1,0,1,0,1,0,0,0,0,1,1,0,0,1,1,0,0,3,3,0
1,0,0,1,0,1,0,0,0,0,0,0,0,1,0,4,3,0,0,0,0,1,0,3,0,0,0,0,1,1,60.84,0,1,1,0,0,0,0,0,1,0,0,1,1,0,0,1,1,2,0,1,3,0
1,0,0,1,0,0,1,0,0,0,0,0,0,1,0,25,15,1,1,0,0,7,1,11,7,0,3,12,2,0,730,1,1,1,0,0,1,1,0,1,0,0,3,1,0,0,1,3,3,1,2,6,0
1,0,0,1,0,0,0,0,0,0,0,0,0,0,0,6,4,0,0,0,0,2,0,3,0,0,0,0,2,6,7,1,0,0,0,0,0,0,1,1,0,0,2,0,1,0,1,4,2,1,2,5,0
1,0,0,1,0,0,0,0,0,0,1,0,0,1,0,9,7,0,1,0,0,1,0,1,4,6,8,8,9,0,121.68,1,1,1,0,0,0,1,1,0,0,0,2,0,1,0,1,2,6,1,3,10,1
1,0,0,1,0,0,0,0,1,0,0,0,0,1,0,8,6,0,0,0,0,2,0,0,0,0,0,0,0,8,243.36,1,1,1,0,1,1,0,1,0,0,0,2,0,1,0,1,1,4,1,2,7,1
1,0,0,1,0,0,0,0,0,0,0,0,0,0,0,13,8,0,0,0,1,4,0,7,4,4,5,4,6,0,152.1,1,0,0,0,1,0,0,0,1,0,0,1,1,0,0,1,1,5,1,3,9,1
1,0,0,1,0,0,1,0,0,0,0,0,0,1,1,6,5,0,0,0,0,1,0,1,3,1,1,1,1,2,30.42,1,1,1,0,0,0,0,0,1,0,0,1,1,0,0,1,1,6,1,3,10,1
1,0,0,1,0,0,1,0,0,0,0,0,0,1,0,12,10,0,0,0,0,2,0,7,6,7,5,5,7,2,5,0,1,1,0,0,0,1,0,1,0,0,2,1,0,0,1,3,5,1,3,9,1
1,0,0,1,0,1,0,0,0,0,1,0,0,2,0,16,16,0,0,0,0,0,0,6,6,7,5,6,7,6,30.42,1,1,0,0,0,0,1,0,1,0,0,2,1,0,0,1,1,6,1,2,9,1
1,0,0,1,0,1,0,0,1,0,0,0,0,2,0,14,8,0,1,2,1,2,0,5,5,7,7,8,6,1,11,1,0,1,1,1,0,1,0,1,0,0,2,1,0,0,1,5,5,1,3,9,1
1,0,0,1,0,1,1,0,0,0,0,0,1,3,0,2,0,0,1,0,0,1,0,2,2,2,2,2,2,0,4,1,1,0,1,1,0,0,0,1,1,0,2,1,0,0,1,1,6,1,2,9,1
1,0,0,1,0,1,1,0,1,0,0,0,0,3,0,6,4,0,1,0,0,1,0,6,1,1,1,1,1,1,60.84,1,1,1,0,1,0,0,0,1,0,0,1,1,0,0,1,3,0,1,2,3,0
1,0,0,1,0,1,1,0,1,0,0,0,1,4,1,6,2,0,1,0,1,2,0,4,2,2,2,4,3,0,42,1,1,0,1,1,0,0,0,1,0,0,1,1,0,0,1,2,4,1,3,8,1
1,0,0,1,0,1,1,0,1,0,0,0,1,4,0,9,5,0,1,0,2,1,0,2,6,1,1,1,9,0,5,1,1,1,0,1,0,0,0,1,0,0,1,1,0,0,1,1,0,1,3,4,0
1,0,0,1,0,1,0,0,1,0,0,0,0,2,0,12,7,0,3,1,0,1,0,8,2,4,3,3,3,3,304.2,1,1,1,1,1,0,1,0,0,0,0,1,1,0,0,1,8,5,1,3,9,1
1,0,0,1,0,0,0,0,0,0,0,0,0,0,0,24,14,1,0,0,2,7,0,7,9,20,14,11,9,1,365,1,1,1,0,1,1,0,0,1,0,1,3,1,0,0,1,2,6,1,3,10,1
1,0,0,1,0,0,0,1,1,0,0,0,0,2,0,16,13,0,0,1,0,2,0,5,5,8,10,10,5,6,365,1,1,1,0,1,1,0,0,1,0,0,2,1,0,0,1,1,6,1,3,10,1
1,0,0,1,0,0,0,0,0,0,1,1,0,2,0,4,2,0,1,0,0,1,0,0,0,0,0,0,0,4,30.42,1,1,1,0,0,1,0,0,0,0,0,1,1,0,0,1,4,3,1,3,7,1
1,0,0,1,0,0,0,0,1,0,0,0,0,1,1,11,4,0,1,0,1,5,0,6,7,8,8,9,9,0,121.68,1,1,0,0,1,1,1,0,1,0,0,3,1,0,0,1,2,6,1,2,9,1
1,0,0,1,0,1,0,0,1,0,0,0,1,3,0,5,3,0,0,0,1,1,0,1,0,1,0,0,4,1,121.68,1,1,0,0,0,0,0,0,1,0,1,2,1,0,0,1,2,4,1,1,6,0
1,0,0,1,0,1,1,0,0,0,0,0,0,2,0,8,5,2,0,0,0,1,0,2,1,1,1,1,6,1,6,1,1,0,0,0,0,0,0,1,1,0,2,1,0,0,1,2,1,1,2,4,0
1,0,0,1,0,1,1,0,0,0,0,0,1,3,0,5,4,0,0,0,0,1,0,0,0,0,0,0,0,5,0,0,0,0,0,0,0,0,0,1,1,0,2,1,1,0,2,1,4,1,1,6,0
1,0,0,1,0,1,1,0,1,0,0,0,1,4,0,10,7,0,0,0,1,1,1,5,4,4,6,4,10,0,25,0,1,1,0,0,0,0,0,1,0,0,1,1,0,0,1,3,6,1,3,10,1
1,0,0,3,1,1,0,0,0,0,0,0,1,3,1,17,12,0,1,0,2,2,0,7,4,8,6,11,2,1,304.2,1,1,1,0,1,0,0,1,0,0,0,1,1,0,0,1,1,4,1,2,7,1
1,0,0,2,0,1,0,0,0,0,0,0,1,2,1,18,12,0,0,0,3,3,0,9,12,4,0,0,0,3,425.88,1,1,1,1,1,0,1,1,0,1,0,3,1,0,0,1,4,2,1,2,5,0
1,0,0,2,0,1,0,0,0,0,0,0,1,2,0,20,13,0,0,0,4,3,0,13,13,15,3,0,1,0,243.36,1,1,0,0,1,0,0,1,1,0,1,3,1,0,0,1,2,5,1,2,8,1
1,0,0,2,0,1,0,0,1,0,0,0,1,3,1,13,9,0,0,0,1,3,0,7,8,3,0,0,1,0,243.36,1,1,1,1,1,0,0,1,1,1,1,4,1,0,0,1,4,6,1,2,9,1
1,0,0,1,0,0,0,0,0,0,0,0,0,0,0,32,22,0,1,0,3,6,0,12,13,17,13,13,12,0,486.72,1,1,1,0,1,0,0,1,0,0,0,1,0,1,0,1,4,2,1,3,6,0
1,0,0,1,0,0,0,0,0,0,0,0,0,0,0,17,15,0,0,0,0,2,0,2,3,1,7,9,13,6,1825,1,1,1,0,0,0,0,1,0,0,0,1,0,1,0,1,4,3,1,3,7,1
1,0,0,1,0,0,0,0,0,0,0,0,1,1,0,23,17,0,1,0,2,3,0,9,13,6,9,3,7,0,121.68,1,1,1,0,0,0,0,1,0,0,0,1,1,0,0,1,2,6,1,3,10,1
1,0,0,1,0,0,0,0,0,0,0,0,0,0,0,4,4,0,0,0,0,0,0,1,0,3,0,0,0,0,20,1,1,1,0,0,0,0,1,0,0,0,1,1,0,0,1,3,5,1,3,9,1
1,0,0,1,0,1,0,0,0,0,0,1,1,3,1,9,9,0,0,0,0,0,0,9,8,8,0,0,3,0,228.15,1,1,1,1,1,1,0,0,1,0,0,2,1,0,0,1,4,6,1,3,10,1
1,0,0,1,0,1,1,0,1,0,0,0,0,3,0,13,9,2,0,0,1,1,0,3,0,0,9,1,3,3,2,0,1,1,1,1,1,0,0,1,0,0,2,1,0,0,1,1,0,1,3,4,0
1,0,0,1,0,0,0,0,0,0,0,0,0,0,1,8,4,0,0,1,1,2,0,2,7,5,5,5,5,0,30.42,1,1,0,1,1,0,1,0,0,0,0,1,0,1,0,1,2,1,0,1,2,0
1,0,0,1,0,0,0,0,0,0,0,0,0,0,0,8,6,0,0,1,1,0,0,7,7,8,8,6,6,0,1.5,1,0,1,0,0,0,1,0,0,0,0,1,1,0,0,1,1,3,1,1,5,0
1,0,0,1,0,0,1,0,0,0,0,1,0,2,1,7,6,1,0,0,0,0,0,4,0,1,2,3,3,0,730,1,1,0,0,0,0,0,0,1,0,0,1,1,0,0,1,2,6,1,2,9,1
1,0,0,1,0,0,0,0,0,0,0,0,0,0,0,18,12,0,0,0,1,5,0,11,11,14,13,13,14,1,365,1,1,1,0,1,0,0,1,0,0,0,1,0,1,0,1,2,2,1,3,6,0
1,0,0,1,0,0,1,0,1,0,0,0,0,2,0,10,9,0,0,0,0,1,0,0,0,2,0,6,0,4,0,0,1,0,0,1,1,0,0,1,0,0,2,1,0,0,1,1,2,1,3,6,0
1,0,0,1,0,0,0,0,0,0,0,0,0,0,1,15,12,0,0,0,1,2,0,2,7,2,6,3,2,0,182.52,1,0,1,0,1,0,0,1,0,0,0,1,0,1,0,1,1,1,0,1,2,0
1,0,0,1,0,0,1,0,0,0,0,0,0,1,0,11,9,0,0,1,0,1,0,10,0,0,3,0,1,0,65,1,0,1,0,0,0,1,0,1,0,0,2,1,0,0,1,2,0,1,3,4,0
1,0,0,1,0,1,0,0,0,0,0,0,1,2,0,11,9,1,1,0,0,0,0,4,3,7,2,1,2,0,121.68,1,0,0,1,1,1,1,0,1,0,0,3,1,0,0,1,2,3,1,2,6,0
1,0,0,1,0,0,0,0,0,0,1,0,1,2,0,24,19,0,0,0,1,4,0,11,4,6,10,7,2,0,273.78,1,1,1,0,0,1,1,0,0,0,0,2,0,1,0,1,1,4,1,3,8,1
1,0,0,1,0,0,0,0,0,0,0,0,0,0,0,13,7,0,1,0,4,1,0,6,4,5,3,9,4,0,730,0,1,1,0,1,1,0,0,1,1,0,3,0,1,0,1,1,1,1,2,4,0
1,0,0,1,0,0,0,0,0,0,0,0,0,0,0,8,7,0,0,0,0,1,0,1,3,5,1,1,1,2,365,0,1,1,0,0,1,0,0,1,1,0,3,1,0,0,1,1,6,1,2,9,1
1,0,0,1,0,0,0,0,0,0,0,0,1,1,0,5,2,0,0,3,0,0,0,5,4,4,4,4,4,0,1,1,0,0,1,1,1,0,0,0,0,0,1,0,1,0,1,1,0,0,3,3,0
1,0,0,1,0,1,1,0,1,0,0,0,0,3,1,11,9,1,0,0,0,1,0,11,2,0,0,0,1,0,35,1,1,1,0,1,0,0,0,1,1,0,2,1,0,0,1,3,2,0.5,3,5.5,0
1,0,0,1,0,0,0,0,0,0,0,0,0,0,0,7,3,0,0,0,0,4,0,3,1,0,0,2,1,3,182.52,1,1,0,0,1,1,1,1,0,0,0,3,0,1,0,1,1,6,1,2,9,1
1,0,0,1,0,0,0,0,0,0,0,0,1,1,0,18,15,0,1,0,0,1,1,5,5,7,3,4,3,2,60.84,1,1,0,0,0,0,0,1,0,0,0,1,0,1,0,1,2,6,1,3,10,1
1,0,0,1,0,1,0,0,1,0,0,1,0,3,0,7,5,0,0,0,0,2,0,7,5,5,5,5,5,1,60.84,1,1,1,0,0,1,1,0,0,1,0,3,1,0,0,1,7,4,1,3,8,1
1,0,0,2,0,0,0,0,0,0,0,0,0,0,0,17,16,0,0,0,1,0,0,13,13,14,15,13,14,2,56,1,1,1,0,1,0,0,0,0,0,1,1,1,0,0,1,1,1,1,3,5,0
1,0,0,1,0,0,1,0,0,0,0,0,0,1,1,17,14,1,0,0,0,2,0,3,9,5,1,2,12,0,91.26,1,1,1,0,0,0,1,0,1,0,0,2,1,0,0,1,1,5,1,3,9,1
1,0,0,1,0,1,1,0,1,0,0,0,1,4,1,11,8,0,1,0,0,2,0,8,3,1,4,1,0,0,60.84,1,1,1,0,1,1,0,0,1,1,0,3,1,0,0,1,1,6,1,3,10,1
1,0,0,1,0,1,1,0,1,0,0,0,1,4,0,7,5,1,0,0,0,1,0,1,4,2,1,1,1,1,2,1,0,0,0,0,1,0,0,1,0,0,2,1,0,0,1,1,0,1,2,3,0
1,0,0,1,0,0,1,0,1,0,0,1,0,3,0,11,7,1,0,0,0,3,0,5,7,4,4,4,4,4,8,1,1,1,0,1,1,0,0,1,1,0,3,1,0,0,1,1,5,1,3,9,1
1,0,0,1,0,1,1,0,1,0,0,0,0,3,1,18,12,0,1,0,3,2,0,2,4,4,3,3,3,8,0.5,1,1,1,0,1,0,1,0,1,1,0,3,1,0,0,1,1,5,1,3,9,1
1,0,0,1,0,1,1,0,0,0,0,0,0,2,1,10,6,1,0,0,0,3,0,5,2,2,2,3,6,0,17,1,1,0,0,1,0,0,0,1,1,0,2,1,0,0,1,1,1,1,1,3,0
1,0,0,1,0,0,0,0,0,0,0,0,0,0,1,10,8,0,0,0,0,2,0,3,2,6,0,2,0,1,304.2,1,1,0,0,0,0,0,1,0,0,0,1,0,1,0,1,2,4,1,3,8,1
1,0,0,1,0,0,1,0,0,0,0,0,0,1,0,9,4,0,0,0,2,3,0,6,0,3,1,3,1,0,91.26,0,1,1,0,0,0,0,0,1,0,0,1,1,0,0,1,1,6,1,2,9,1
1,0,0,1,0,1,0,0,0,0,0,0,0,1,0,8,6,0,1,0,0,1,0,5,4,4,4,4,4,3,60.84,1,1,1,0,1,0,0,0,1,0,0,1,1,0,0,1,4,0,1,1,2,0
1,0,0,1,0,1,0,0,1,0,0,0,0,2,0,13,8,1,1,0,1,2,0,4,6,6,5,8,8,1,6,1,1,1,1,1,0,0,0,1,1,0,2,1,0,0,1,3,5,1,3,9,1
1,0,0,1,0,1,0,0,1,0,0,0,0,2,1,19,13,2,1,0,1,2,0,9,12,12,10,3,2,0,21,1,1,1,1,1,1,0,0,1,0,0,2,1,0,0,1,2,6,1,3,10,1
1,0,0,1,0,0,0,0,1,0,0,1,0,2,1,12,4,1,0,0,2,5,0,11,9,9,9,7,7,0,30.42,1,0,0,0,1,0,0,0,1,0,0,1,1,0,0,1,1,6,1,3,10,1
1,0,0,1,0,0,0,0,1,0,0,0,0,1,0,11,6,2,0,0,2,1,0,8,1,1,1,1,1,10,0,1,1,1,0,1,0,0,0,1,0,0,1,1,0,0,1,1,4,1,3,8,1
1,0,0,1,0,0,1,0,0,0,0,0,0,1,0,14,11,1,0,0,0,2,0,12,14,12,12,12,12,0,3,1,1,1,0,1,1,1,0,1,0,0,3,1,0,0,1,1,6,1,3,10,1
1,0,0,1,0,0,1,0,0,0,1,0,0,2,0,11,7,0,0,0,0,4,0,3,5,5,6,5,5,3,4,1,0,0,0,1,0,1,0,1,0,0,2,1,0,0,1,3,2,0.5,2,4.5,0
1,0,0,1,0,0,1,0,0,0,0,0,0,1,0,5,4,0,0,0,0,1,0,3,2,0,0,0,2,0,91.26,0,1,1,0,0,0,1,0,1,0,0,2,1,0,0,1,1,6,1,3,10,1
1,0,0,1,0,1,1,0,0,0,0,0,1,3,1,5,2,0,1,0,1,1,0,2,2,2,2,3,4,1,1.5,1,1,1,0,0,0,0,0,1,0,0,1,1,0,0,1,2,2,1,2,5,0
1,0,0,1,0,0,1,0,0,0,0,0,0,1,0,13,11,0,1,0,0,1,0,5,1,4,4,4,0,0,121.68,1,1,1,0,0,0,1,0,1,0,0,2,1,0,0,1,1,6,1,3,10,1
1,0,0,1,0,1,1,0,0,0,0,0,0,2,1,8,5,0,1,0,0,2,0,5,3,4,2,2,2,4,30.42,1,1,1,0,1,0,1,0,1,0,0,2,1,0,0,1,1,6,1,3,10,1
1,0,0,1,0,1,0,1,0,0,0,0,0,2,0,11,8,0,0,1,0,2,0,3,0,0,0,0,6,4,91.26,0,1,1,0,1,0,1,0,0,0,0,1,1,0,0,1,2,4,1,3,8,1
1,0,0,1,0,0,0,0,0,0,0,0,0,0,1,15,10,0,0,0,0,5,0,10,7,5,6,6,5,3,121.68,1,1,1,0,1,0,0,1,0,0,0,1,0,1,0,1,1,6,1,3,10,1
1,0,0,1,0,0,0,1,1,0,0,0,1,3,0,14,10,1,0,2,0,1,0,12,11,11,12,12,12,1,10,1,1,0,1,1,0,1,0,0,0,0,1,1,0,0,1,1,6,1,3,10,1
1,0,0,1,0,1,0,0,1,0,0,0,0,2,0,8,6,0,0,1,0,1,0,0,0,0,0,0,6,5,60.84,0,0,1,0,1,0,1,0,0,0,0,1,1,0,0,1,2,6,1,3,10,1
1,0,0,1,0,1,1,0,0,0,0,1,1,4,0,15,10,1,0,1,0,3,0,4,0,5,10,3,1,0,60.84,1,1,1,0,0,0,1,0,0,0,0,1,1,0,0,1,2,6,1,3,10,1
1,0,0,1,0,0,1,1,0,0,0,0,0,2,1,11,10,0,0,0,0,1,0,6,4,3,6,6,3,0,243.36,1,1,1,0,0,1,0,0,1,0,0,2,1,0,0,1,1,6,1,2,9,1
1,0,0,1,0,0,1,0,0,0,0,0,0,1,0,22,20,0,0,0,1,1,0,15,0,0,0,0,8,0,365,0,0,1,1,1,0,0,0,1,0,0,1,1,0,0,1,1,0,1,1,2,0
1,0,0,1,1,0,0,0,1,0,0,1,0,3,1,9,6,0,0,0,1,2,0,7,6,6,6,5,5,2,365,1,1,1,1,1,0,1,0,1,0,0,2,0,1,0,1,2,6,1,3,10,1
1,0,0,1,0,1,1,0,0,0,0,0,1,3,0,8,4,1,1,0,1,1,0,4,8,1,1,1,1,0,91.26,1,1,0,0,1,0,1,0,1,1,0,3,1,0,0,1,6,4,1,2,7,1
1,0,0,1,0,0,0,0,0,0,0,0,1,1,0,6,4,0,0,0,0,2,0,6,5,5,5,5,5,0,17,0,1,1,1,1,0,1,1,0,0,0,2,0,1,0,1,3,3,1,3,7,1
1,0,0,1,0,0,0,0,1,0,0,0,0,1,1,11,7,1,0,0,1,2,0,5,4,4,10,6,6,0,10.5,0,1,1,0,1,0,0,0,1,0,1,2,1,0,0,1,2,5,1,3,9,1
1,0,0,1,0,1,1,0,1,0,0,0,1,4,0,7,5,0,1,0,0,1,0,6,4,4,4,4,5,0,60.84,0,1,0,1,1,0,0,0,1,0,0,1,1,0,0,1,3,6,1,2,9,1
1,0,0,1,0,1,1,0,1,0,0,0,1,4,1,17,11,1,1,0,0,4,0,3,1,0,2,2,10,6,60.84,1,1,0,0,1,0,0,0,1,0,0,1,1,0,0,1,1,2,1,3,6,0
1,0,0,1,0,0,0,0,1,0,0,0,0,1,0,12,9,0,1,2,0,0,0,3,3,4,4,5,4,5,12,1,1,0,0,1,0,1,0,1,0,0,2,1,0,0,1,3,5,1,3,9,1
1,0,0,1,0,0,0,0,0,0,0,0,0,0,0,7,4,0,0,3,0,0,0,3,2,1,1,5,3,1,4,1,1,0,0,1,0,1,0,0,0,0,1,1,0,0,1,1,0,1,3,4,0
1,0,0,1,0,1,0,0,0,0,0,1,1,3,0,9,5,0,1,0,0,3,0,1,1,1,1,8,1,1,365,1,1,0,0,1,0,1,0,1,0,0,2,1,0,0,1,1,4,1,2,7,1
1,0,0,1,0,0,1,0,0,0,0,0,0,1,0,15,12,0,0,0,0,3,0,2,2,0,11,2,0,0,730,1,1,1,0,0,0,1,0,1,0,0,2,1,0,0,1,1,6,1,2,9,1
1,0,0,1,0,1,1,0,0,0,0,1,0,3,0,10,9,0,1,0,0,0,0,7,6,8,4,4,4,1,243.36,1,1,1,0,0,0,1,0,0,0,0,1,1,0,0,1,2,6,1,3,10,1
1,0,0,1,0,0,0,0,0,0,0,0,0,0,0,14,12,0,0,0,0,1,1,7,13,9,10,11,9,0,0.333333333333333,0,0,0,0,1,0,0,0,1,0,0,1,1,0,0,1,1,4,1,0,5,0
1,0,0,1,0,0,0,0,0,0,0,0,0,0,0,22,19,0,0,0,1,2,0,13,10,13,14,16,14,2,2,1,1,1,0,1,0,0,0,1,0,0,1,0,1,0,1,1,6,1,1,8,1
1,0,0,1,0,0,0,0,0,0,0,0,0,0,0,18,16,0,0,0,0,2,0,10,7,12,13,11,11,0,1,1,0,0,0,1,0,0,0,1,0,0,1,1,0,0,1,1,3,1,1,5,0
1,0,0,1,0,0,0,0,0,0,0,0,0,0,0,12,10,0,1,1,0,0,0,2,3,2,9,2,2,3,425.88,0,1,0,0,0,0,1,0,0,0,0,1,1,0,0,1,1,6,1,3,10,1
1,0,0,1,0,0,0,0,1,0,1,0,0,2,0,12,6,0,0,0,2,4,0,8,7,9,9,9,7,0,1,1,1,1,0,1,0,0,0,0,0,1,1,1,0,0,1,1,0,0,2,2,0
1,0,0,1,0,0,0,0,1,0,1,0,0,2,1,19,8,1,5,0,4,1,0,13,13,10,11,12,12,0,608.4,1,1,1,1,1,1,1,0,0,1,0,3,1,0,0,1,4,4,1,3,8,1
1,0,0,1,0,0,0,0,0,0,0,1,0,1,0,6,5,0,1,0,0,0,0,4,4,4,5,5,6,0,7300,1,1,1,0,1,0,1,0,0,0,0,1,1,0,0,1,1,5,1,3,9,1
1,0,0,1,0,0,0,1,0,0,0,0,0,1,1,12,12,0,0,0,0,0,0,10,11,10,10,9,9,1,228.15,1,0,0,0,0,0,0,0,1,0,0,1,1,0,0,1,3,6,1,3,10,1
1,0,0,1,0,0,1,0,0,0,0,0,0,1,0,21,18,1,0,0,0,2,0,2,8,15,11,2,5,0,121.68,1,1,1,0,0,0,1,0,1,0,0,2,1,0,0,1,1,3,1,3,7,1
1,0,0,1,0,0,1,0,0,0,0,0,0,1,0,7,6,0,0,0,0,1,0,6,0,2,0,0,0,2,45.63,1,1,1,0,0,0,1,0,1,0,0,2,1,0,0,1,1,6,1,3,10,1
1,0,0,1,0,0,1,0,1,0,0,0,0,2,0,6,5,0,0,0,0,1,0,2,0,5,1,0,0,0,182.52,1,0,0,0,1,0,1,0,1,0,0,2,1,0,0,1,1,2,0,2,4,0
1,0,0,1,0,1,0,0,1,0,0,0,1,3,0,12,7,1,1,0,1,2,0,5,0,3,0,0,8,1,121.68,1,1,0,1,1,0,0,0,1,0,0,1,1,0,0,1,1,1,1,2,4,0
1,0,0,1,0,1,1,0,0,0,0,0,1,3,0,4,2,0,1,0,0,1,0,2,2,0,0,0,0,3,14,0,1,0,0,1,0,0,0,1,0,0,1,1,0,0,1,1,4,1,3,8,1
1,0,0,1,0,1,1,0,1,0,0,0,1,4,0,10,6,1,1,0,1,1,0,6,2,0,0,2,6,0,76.05,1,0,0,1,1,0,0,0,1,1,0,2,1,0,0,1,1,2,0.5,2,4.5,0
1,0,0,1,0,1,1,0,1,0,0,0,1,4,0,7,5,0,1,0,0,1,0,1,1,1,1,3,1,4,15,1,0,0,0,1,0,0,0,1,1,0,2,1,0,0,1,1,6,1,3,10,1
1,0,0,1,0,1,1,0,0,0,0,0,1,3,0,14,9,0,0,0,2,3,0,13,9,7,6,5,5,0,14,0,1,1,0,1,0,0,0,1,1,0,2,1,0,0,1,2,1,1,1,3,0
1,0,0,1,0,0,0,0,0,0,0,0,1,1,0,4,3,0,0,0,0,1,0,1,2,2,2,2,1,1,1,0,0,0,0,0,0,0,0,1,0,0,1,1,0,0,1,1,6,1,1,8,1
1,0,0,1,0,1,1,0,0,0,0,0,1,3,0,3,1,0,1,0,0,1,0,2,2,2,2,2,3,0,25,1,1,1,1,1,0,0,0,1,1,0,2,1,0,0,1,1,6,1,2,9,1
1,0,0,1,0,1,1,0,0,0,0,0,1,3,0,3,1,0,1,0,0,1,0,2,2,2,2,2,2,1,30.42,1,1,0,0,0,0,0,0,1,0,0,1,1,0,0,1,1,0,0.5,2,2.5,0
1,0,0,1,0,1,1,0,1,0,0,0,1,4,1,5,3,0,1,0,0,1,0,3,0,0,0,3,3,0,91.26,0,1,1,1,1,1,1,0,1,1,0,4,1,0,0,1,2,5,1,2,8,1
1,0,0,1,0,0,0,0,0,0,0,1,0,1,0,3,1,0,0,0,1,1,0,0,0,0,0,0,0,3,0,1,0,1,0,0,0,0,0,1,0,0,1,1,0,0,1,1,4,1,3,8,1
1,0,0,1,0,1,1,0,0,0,0,1,1,4,0,18,12,0,0,0,4,2,0,16,5,0,2,0,4,4,146,1,1,0,0,1,0,1,0,1,0,0,2,1,0,0,1,3,6,1,3,10,1
1,0,0,1,0,0,0,0,0,0,0,0,1,1,0,10,7,1,0,1,0,1,0,6,7,6,0,0,2,0,42,1,0,0,0,0,0,1,0,0,0,0,1,0,1,0,1,3,0,1,2,3,0
1,0,0,1,0,1,0,0,0,0,0,0,1,2,1,15,12,0,1,0,0,2,0,7,5,3,4,2,4,0,273.78,1,1,1,0,0,1,0,0,1,0,0,2,1,0,0,1,3,6,1,2,9,1
1,0,0,1,0,0,1,0,0,0,0,0,0,1,0,3,2,0,0,0,0,1,0,1,1,1,1,2,1,1,14,0,0,0,1,0,0,1,0,1,0,0,2,1,0,0,1,1,2,1,2,5,0
1,0,0,1,0,0,1,0,0,0,0,0,0,1,0,9,9,0,0,0,0,0,0,8,1,1,4,2,1,0,60.84,1,1,0,0,0,0,1,0,1,0,0,2,1,0,0,1,1,5,1,2,8,1
1,0,0,1,0,1,0,0,0,0,0,0,0,1,0,13,10,0,0,0,1,2,0,9,5,2,7,2,0,0,121.68,1,1,1,0,0,0,1,0,1,1,0,3,1,0,0,1,1,4,1,2,7,1
1,0,0,1,0,0,1,0,0,0,0,0,1,2,0,13,9,1,0,0,1,2,0,8,4,0,0,0,9,0,25,1,1,0,0,0,1,1,0,0,0,0,2,0,1,0,1,1,0,1,3,4,0
1,0,0,1,0,0,1,0,0,0,0,1,0,2,0,6,5,0,0,0,0,1,0,2,3,4,4,4,6,0,365,1,1,1,1,0,1,1,0,1,0,0,3,1,0,0,1,2,6,1,3,10,1
1,0,0,1,0,0,1,0,0,0,0,0,0,1,1,9,6,0,0,0,0,3,0,3,2,5,3,2,3,1,2,0,1,0,0,0,0,1,0,1,0,0,2,1,0,0,1,1,6,1,1,8,1
1,0,0,1,0,0,1,0,0,0,0,0,0,1,0,11,9,0,1,0,0,1,0,2,1,0,0,6,2,2,121.68,1,1,1,0,0,0,1,0,1,0,0,2,1,0,0,1,1,4,1,2,7,1
1,0,0,1,0,0,1,0,0,0,0,0,0,1,1,10,9,0,0,0,0,1,0,9,2,3,2,2,4,0,60.84,0,0,1,0,0,1,1,0,1,0,0,3,1,0,0,1,1,1,0,1,2,0
1,0,0,1,0,1,0,1,1,0,0,0,0,3,1,13,11,0,2,0,0,0,0,10,11,0,0,0,2,0,212.94,1,1,1,0,0,0,1,0,1,0,0,2,0,1,0,1,1,5,1,3,9,1
1,0,0,1,0,0,0,0,0,0,0,0,0,0,1,6,3,0,0,2,1,0,0,5,4,4,4,4,4,1,7,0,0,0,1,1,0,1,0,1,0,0,2,1,0,0,1,1,0,1,3,4,0
1,0,0,1,1,0,0,0,0,0,0,0,0,1,0,6,3,0,0,0,1,2,0,1,1,0,0,3,0,2,15,0,1,1,0,0,0,0,1,0,1,0,2,0,1,0,1,1,6,1,1,8,1
1,0,0,1,0,0,0,0,0,0,0,1,0,1,1,9,8,0,0,0,0,1,0,2,4,3,1,3,1,0,4,0,1,1,0,0,0,1,0,0,0,0,1,0,1,0,1,1,5,1,3,9,1
1,0,0,1,0,0,0,0,0,0,0,0,0,0,0,10,4,0,0,1,0,5,0,8,7,8,7,7,4,0,56,1,0,1,0,1,0,1,0,1,0,0,2,0,1,0,1,2,4,1,3,8,1
1,1,0,6,0,0,0,0,0,0,1,0,0,1,0,14,8,0,0,0,5,1,0,2,4,5,5,5,3,2,121.68,1,0,1,0,0,1,1,1,0,0,0,3,0,1,0,1,2,6,1,3,10,1
1,0,0,1,0,0,1,0,1,0,0,0,0,2,0,9,8,0,0,0,0,1,0,2,2,2,8,0,0,0,60.84,1,1,0,0,1,0,1,0,1,0,0,2,1,0,0,1,1,2,0.5,2,4.5,0
1,0,0,1,0,0,0,0,0,0,0,0,0,0,0,13,7,0,0,1,1,4,0,5,5,4,4,8,6,4,7,0,1,0,1,1,1,1,0,0,0,0,2,1,0,0,1,1,5,1,3,9,1
1,0,0,2,0,0,0,0,0,0,0,0,0,0,0,9,7,0,0,0,1,1,0,4,0,0,0,4,4,1,30.42,1,1,0,0,1,0,0,1,1,0,1,3,0,1,0,1,2,0,1,3,4,0
1,0,0,1,0,0,1,0,0,0,0,0,0,1,0,14,13,0,0,0,0,1,0,6,5,4,5,4,6,1,63,1,1,0,0,0,0,0,1,0,0,0,1,1,0,0,1,1,2,1,1,4,0
1,0,0,1,0,0,0,0,0,0,0,1,0,1,0,9,6,0,0,0,0,3,0,3,3,0,4,1,0,0,60.84,1,1,0,0,1,0,0,1,0,0,0,1,0,1,0,1,2,6,1,3,10,1
1,0,0,2,0,0,0,0,0,0,0,0,0,0,0,11,6,0,0,2,0,3,0,3,5,2,5,3,3,0,13,1,1,0,1,0,0,1,0,0,0,0,1,1,0,0,1,2,0,0.5,2,2.5,0
1,0,0,1,0,1,0,0,0,0,0,0,1,2,0,4,3,0,0,0,0,1,0,1,1,1,1,2,4,1,2,1,1,1,0,0,0,0,0,1,0,0,1,1,0,0,1,1,6,1,2,9,1
1,0,0,1,0,0,0,0,0,0,0,0,0,0,0,3,2,0,0,1,0,0,0,2,0,0,1,1,1,0,5,0,1,0,0,0,0,1,0,1,0,0,2,1,0,0,1,1,6,1,1,8,1
1,0,0,1,0,0,1,0,0,0,0,0,0,1,0,7,6,0,0,0,0,1,0,1,0,0,2,0,4,0,91.26,0,1,1,1,1,1,0,0,0,0,0,1,1,0,0,1,1,0,0.5,3,3.5,0
1,0,0,1,0,0,0,0,0,0,0,0,0,0,0,3,3,0,0,0,0,0,0,3,2,2,3,3,2,0,6,1,0,1,0,0,0,1,1,1,0,0,3,1,0,0,1,1,0,0.5,3,3.5,0
1,0,0,1,1,0,0,0,0,0,0,1,0,2,0,13,12,0,0,0,0,1,0,3,3,6,2,7,0,0,334.62,1,0,0,0,0,0,0,1,0,0,0,1,1,0,0,1,3,5,1,1,7,1
1,0,0,1,0,0,0,0,0,0,1,0,0,1,0,10,8,1,0,0,0,1,0,2,9,0,0,0,5,0,25,1,1,0,0,0,0,0,0,1,0,0,1,0,1,0,1,1,3,1,3,7,1
1,0,0,1,0,0,1,0,1,0,0,0,1,3,0,21,14,2,0,1,0,4,0,8,9,5,10,14,4,0,20,1,1,1,1,1,1,0,0,1,0,0,2,1,0,0,1,1,5,1,3,9,1
1,0,0,1,0,0,0,0,0,0,0,0,0,0,0,10,9,0,1,0,0,0,0,2,0,5,6,3,5,0,15,1,1,1,0,0,1,0,0,1,0,0,2,0,1,0,1,2,0,1,3,4,0
1,0,0,1,1,1,0,1,0,0,0,0,0,3,0,2,0,1,1,0,0,0,0,2,2,2,2,2,2,0,0,0,0,0,0,0,1,0,0,0,0,1,2,1,0,0,1,1,6,1,3,10,1
1,0,0,1,0,0,0,0,0,0,0,0,0,0,0,7,5,0,0,0,0,2,0,3,1,2,2,2,3,1,30.42,1,0,0,0,1,0,0,1,0,0,0,1,0,1,0,1,1,6,1,1,8,1
1,0,0,1,0,0,0,0,0,0,0,1,0,1,0,12,9,0,1,0,0,2,0,7,3,4,1,1,4,3,395.46,0,1,1,0,0,0,0,1,0,0,0,1,0,1,0,1,1,1,1,3,5,0
1,0,0,1,0,0,0,0,0,0,0,1,0,1,0,7,4,0,0,0,1,2,0,2,2,2,3,5,2,0,365,1,1,0,0,1,0,0,1,1,0,0,2,0,1,0,1,3,6,1,1,8,1
1,0,0,1,0,1,1,0,1,0,0,1,1,5,0,7,2,1,0,1,1,2,0,3,3,4,5,7,4,0,1.5,0,1,1,0,0,0,0,0,1,0,0,1,1,0,0,1,2,6,1,3,10,1
1,0,0,1,0,1,1,0,1,0,0,1,1,5,1,13,6,2,1,0,1,3,0,11,3,0,0,0,1,1,60.84,1,0,0,0,1,1,0,0,1,0,0,2,1,0,0,1,1,4,1,2,7,1
1,0,0,1,0,1,0,0,0,0,0,0,1,2,1,3,1,0,0,0,0,2,0,3,1,1,1,1,1,0,4,0,1,0,0,0,1,0,0,1,0,0,2,1,0,0,1,2,0,1,0,1,0
1,0,0,1,0,1,1,0,1,0,0,0,0,3,1,11,6,1,0,0,2,2,0,8,5,2,2,2,0,2,30.42,0,1,1,0,1,0,0,0,1,1,0,2,1,0,0,1,2,0,0,1,1,0
1,0,0,1,0,0,0,0,0,0,0,0,0,0,0,7,6,0,0,0,0,1,0,7,5,5,5,4,5,0,6.3,0,1,1,0,0,0,0,1,0,0,0,1,1,0,0,1,1,1,1,1,3,0
1,0,0,1,0,1,0,1,0,0,0,0,1,3,0,9,8,0,1,0,0,0,0,2,2,3,2,3,6,0,30.42,1,1,1,0,0,0,0,0,1,0,0,1,1,0,0,1,2,6,1,3,10,1
1,0,0,1,0,1,0,0,1,0,0,1,0,3,1,5,2,1,1,0,0,1,0,1,1,4,5,3,3,0,182.52,1,1,1,0,1,1,1,0,1,1,0,4,1,0,0,1,1,6,1,2,9,1
1,0,0,1,0,1,0,0,1,0,0,0,0,2,0,5,4,1,0,0,0,0,0,5,0,0,0,2,1,0,10,1,0,1,1,1,0,0,0,1,0,0,1,1,0,0,1,3,3,0.5,2,5.5,0
1,0,0,1,0,1,0,0,0,0,0,0,1,2,0,4,2,0,1,0,0,1,0,1,2,1,1,1,1,0,21,1,0,1,0,1,0,0,0,1,1,0,2,1,0,0,1,2,6,1,3,10,1
1,0,0,1,0,0,0,0,0,0,0,0,0,0,0,10,8,0,0,0,2,0,0,3,4,1,1,3,2,3,365,1,1,0,0,0,1,0,0,0,0,0,1,0,1,0,1,4,5,1,2,8,1
1,0,0,1,0,0,0,0,0,0,0,0,0,0,1,9,8,0,0,0,0,1,0,3,8,4,4,3,4,0,730,1,1,1,1,0,1,0,1,1,0,0,3,1,0,0,1,4,6,1,3,10,1
1,0,0,1,0,1,1,0,1,0,0,0,1,4,0,3,2,0,0,0,0,1,0,2,2,2,2,2,3,0,4,0,1,1,0,1,0,0,0,1,0,0,1,1,0,0,1,1,6,1,1,8,1
1,0,0,1,0,1,0,0,0,0,0,0,1,2,0,5,4,0,1,0,0,0,0,4,2,2,2,3,2,0,212.94,0,1,0,0,1,1,0,0,1,1,0,3,1,1,0,2,1,6,1,1,8,1
1,0,0,1,0,1,0,1,1,0,0,0,1,4,1,5,2,0,0,0,0,3,0,2,1,1,1,3,2,1,7,1,0,0,0,0,0,1,0,1,0,0,2,1,1,0,2,1,6,1,3,10,1
1,0,0,1,0,1,0,0,1,0,0,0,0,2,1,8,4,1,1,0,0,2,0,3,1,2,1,2,3,0,30.42,1,1,1,0,0,0,0,0,1,1,0,2,1,0,0,1,2,0,1,2,3,0
1,0,0,1,0,0,0,0,0,0,0,1,0,1,1,12,8,0,0,0,1,3,0,5,6,6,6,4,1,4,243.36,1,0,0,1,1,0,0,0,1,0,0,1,1,0,0,1,1,3,1,3,7,1
1,0,0,1,0,1,1,0,0,0,1,0,0,3,1,3,0,0,0,0,2,1,0,3,3,3,3,3,3,0,4,1,1,0,0,1,0,1,0,1,0,0,2,1,0,0,1,1,4,1,1,6,0
1,0,0,1,0,0,0,0,0,0,0,0,0,0,1,5,4,0,0,0,0,1,0,5,3,1,1,3,3,0,20,1,1,0,0,0,0,0,0,1,0,0,1,1,0,0,1,1,1,1,3,5,0
1,0,0,1,0,0,0,0,0,0,0,1,0,1,1,20,13,1,0,0,2,4,0,20,18,1,1,18,15,0,730,0,1,1,0,1,0,0,1,0,0,0,1,0,1,0,1,12,4,0.5,3,7.5,1
1,0,0,1,0,0,0,0,0,0,0,0,0,0,0,7,7,0,0,0,0,0,0,3,2,4,2,0,1,0,365,1,1,1,0,0,0,0,1,0,0,0,1,1,0,0,1,1,2,1,3,6,0
1,0,0,1,0,0,0,0,0,0,0,0,0,0,0,20,16,0,0,0,0,3,1,7,0,6,0,14,6,1,152.1,1,1,1,0,1,0,0,0,1,0,0,1,1,0,0,1,1,4,1,3,8,1
1,0,0,1,0,0,0,0,0,0,0,1,1,2,0,14,14,0,0,0,0,0,0,4,2,7,0,0,0,3,121.68,1,1,1,0,0,0,0,1,0,0,0,1,0,1,0,1,4,6,1,3,10,1
1,0,0,1,0,1,1,0,0,0,0,0,1,3,0,3,2,0,0,0,0,1,0,1,2,0,0,0,0,2,0.0416666666666667,1,0,0,0,0,0,0,0,1,1,0,2,1,0,0,1,2,6,1,2,9,1
0,0,1,1,0,1,0,0,0,0,0,0,1,2,0,4,3,0,0,0,0,1,0,2,1,3,1,1,1,0,10,1,1,0,0,0,0,1,0,0,0,0,1,1,0,0,1,1,3,1,1,5,0
0,0,1,1,0,1,0,0,0,0,0,0,0,1,0,6,5,0,0,1,0,0,0,2,4,3,1,1,2,0,0,1,1,0,0,0,0,1,0,1,0,0,2,1,0,0,1,1,1,0.5,2,3.5,0
0,0,1,1,0,1,0,0,0,0,0,1,0,2,0,7,6,0,0,0,0,1,0,5,1,5,2,6,2,0,0,1,0,1,0,1,0,0,0,1,0,1,2,1,0,0,1,1,0,1,3,4,0
0,0,1,2,0,0,0,0,0,0,0,0,0,0,0,2,0,0,0,0,0,2,0,2,2,2,2,2,2,0,365,0,1,1,0,0,1,0,0,1,1,1,4,0,0,1,1,1,5,1,2,8,1
0,0,1,1,1,1,0,0,0,0,0,0,1,3,1,10,7,0,0,0,0,3,0,3,2,0,2,0,8,0,66.924,1,1,1,0,0,0,0,0,0,0,1,1,1,0,0,1,1,3,1,2,6,0
0,0,1,1,0,0,0,0,0,0,0,1,0,1,0,13,6,0,0,0,2,5,0,9,6,2,1,1,0,2,30.42,1,0,0,1,1,1,0,0,0,0,0,1,1,0,0,1,2,1,1,2,4,0
0,0,1,1,0,1,0,0,0,0,0,1,0,2,0,6,5,0,0,0,0,1,0,4,0,5,0,0,6,0,0,1,1,0,0,0,0,1,0,0,0,0,1,1,0,0,1,5,0,1,3,4,0
0,0,1,1,0,1,1,0,1,0,0,0,0,3,1,11,8,1,0,1,0,1,0,11,6,5,4,3,4,0,55,1,1,0,1,0,0,1,0,1,0,0,2,0,1,0,1,1,5,0,3,8,1
0,0,1,1,0,1,0,0,0,0,0,0,0,1,0,10,6,0,2,0,0,2,0,4,3,0,0,0,2,5,182.52,1,1,1,0,1,1,0,0,1,0,0,2,1,0,0,1,6,2,1,2,5,0
0,0,1,1,0,1,0,0,1,0,0,0,0,2,0,12,7,0,0,2,0,3,0,7,8,3,5,3,6,0,27,1,1,1,1,1,1,1,0,1,0,0,3,1,0,0,1,4,0,1,3,4,0
0,0,1,1,0,1,1,0,1,0,0,0,0,3,1,21,14,1,0,0,3,3,0,14,17,14,11,12,1,0,14,1,1,1,0,1,1,0,0,0,0,0,1,1,0,0,1,2,0,0,3,3,0
0,0,1,1,0,1,0,0,0,0,0,0,0,1,0,8,3,0,0,4,1,0,0,6,3,0,0,2,3,0,42,1,0,0,0,1,0,1,0,0,0,0,1,1,0,0,1,1,3,0,2,5,0
0,1,0,1,1,1,0,0,0,0,0,1,0,3,0,6,4,0,0,0,0,2,0,2,1,2,2,0,0,1,0,0,1,1,0,1,0,0,1,0,0,0,1,0,1,0,1,1,4,1,3,8,1
0,1,0,1,0,0,0,0,0,0,0,0,0,0,0,6,4,0,0,2,0,0,0,5,0,0,0,6,3,0,44,0,1,1,1,1,0,1,0,0,0,0,1,1,0,0,1,1,4,1,3,8,1
0,1,0,1,0,0,1,0,0,0,0,1,0,2,1,3,2,0,0,0,1,0,0,3,0,0,0,0,3,0,14.67,1,1,0,0,1,0,0,1,0,0,1,2,0,1,0,1,2,0,1,2,3,0
1,1,0,12,0,0,0,0,0,0,0,0,0,0,0,11,8,0,1,0,0,2,0,2,2,6,5,1,2,0,608.4,0,0,0,0,0,0,0,1,0,0,0,1,1,0,0,1,1,3,1,3,7,1
0,1,0,1,1,0,0,0,0,0,0,0,0,1,0,6,4,0,0,0,0,2,0,1,1,0,2,3,4,0,30.42,0,1,0,1,1,0,0,1,0,1,0,2,0,1,0,1,3,5,1,3,9,1
0,1,0,1,0,0,0,0,0,0,0,0,0,0,0,10,7,2,0,1,0,0,0,7,5,2,1,1,0,0,30.42,1,0,0,0,0,0,1,0,0,0,0,1,1,0,0,1,2,6,1,2,9,1
0,1,0,1,1,0,0,0,0,0,0,0,0,1,0,10,7,0,0,0,0,3,0,6,2,4,2,3,3,0,365,1,1,0,0,1,0,0,1,1,1,0,3,0,1,0,1,2,6,1,2,9,1
0,1,0,1,1,0,0,0,1,0,0,0,0,2,1,10,7,0,0,0,0,3,0,1,1,2,3,0,1,3,212.94,0,1,0,0,1,1,0,0,0,1,0,2,1,0,0,1,1,4,0.5,2,6.5,0
0,1,0,1,0,0,0,0,0,0,0,0,0,0,0,4,3,0,1,0,0,0,0,1,1,1,1,1,2,2,121.68,0,0,0,0,1,0,0,0,1,0,1,2,0,1,0,1,1,5,1,1,7,1
0,1,0,1,0,0,0,0,0,0,0,1,1,2,0,17,14,1,0,0,1,1,0,1,0,0,9,8,13,0,730,1,1,1,1,0,0,0,0,1,0,0,1,1,0,0,1,2,6,0.5,2,8.5,1
0,1,0,1,1,0,0,0,0,0,0,0,0,1,0,8,6,0,0,0,0,2,0,4,1,1,1,2,2,0,273.78,0,1,0,1,0,0,1,0,1,0,0,2,0,1,0,1,1,6,1,2,9,1
0,1,0,1,0,0,0,0,0,0,0,0,0,0,1,19,18,0,0,0,0,1,0,18,15,14,15,11,7,0,76.05,1,1,1,0,0,0,0,1,0,0,0,1,0,1,0,1,4,4,1,3,8,1
0,1,0,1,0,0,0,0,0,0,0,0,0,0,1,4,3,0,0,0,1,0,0,1,1,1,1,1,1,3,182.52,1,0,0,0,1,0,0,0,1,0,0,1,1,0,0,1,3,5,1,1,7,1
0,1,0,1,1,0,0,0,0,0,0,0,0,1,0,3,2,0,0,0,0,1,0,3,0,0,0,0,2,0,85,0,1,0,0,1,0,0,0,1,1,0,2,1,0,0,1,1,0,1,2,3,0
0,1,0,1,0,0,0,1,0,0,0,0,1,2,0,4,2,0,0,0,1,1,0,3,0,0,0,0,0,1,1.33,0,0,1,1,0,1,0,1,0,0,0,2,0,1,0,1,1,6,1,1,8,1
0,1,0,1,0,0,0,0,0,0,0,0,0,0,0,2,1,0,0,1,0,0,0,2,2,2,2,2,2,0,0,1,1,1,0,1,0,0,0,1,0,0,1,1,0,0,1,1,5,1,3,9,1
1,1,0,5,0,0,0,0,0,0,0,0,0,0,1,11,9,0,0,0,1,1,0,3,1,6,3,0,2,0,365,1,0,0,0,0,0,0,1,0,0,0,1,0,1,0,1,1,6,1,2,9,1
0,1,0,1,1,0,0,0,0,0,0,0,0,1,0,5,2,0,1,0,1,1,0,1,1,1,1,1,1,1,182.52,1,0,0,1,0,0,0,1,1,1,0,3,0,1,0,1,2,0,1,2,3,0
0,1,0,1,0,0,0,0,0,0,0,0,0,0,0,4,3,0,0,1,0,0,0,1,1,1,1,1,3,1,4,0,1,1,0,1,0,1,0,1,0,0,2,1,0,0,1,3,0,1,3,4,0
0,1,0,1,0,0,0,0,0,0,0,0,0,0,1,6,0,0,0,0,1,5,0,1,0,3,1,0,1,0,15,1,0,0,0,0,0,0,1,0,0,0,1,1,0,0,1,4,0,0,1,1,0
0,1,0,1,0,0,0,0,0,0,0,0,0,0,0,5,3,0,0,0,0,2,0,2,0,0,0,0,3,0,30.42,0,0,0,0,0,0,0,0,1,0,0,1,1,0,0,1,2,6,1,2,9,1
0,1,0,1,0,0,0,1,0,0,0,0,0,1,0,19,16,0,0,0,0,3,0,9,7,7,4,5,12,0,14,1,0,1,0,1,1,0,0,1,0,0,2,1,0,0,1,1,0,1,2,3,0
0,1,0,1,1,0,0,0,0,0,0,0,0,1,1,16,12,0,0,0,1,3,0,10,6,6,6,0,0,1,91.26,1,1,1,0,1,0,0,1,1,0,0,2,0,1,0,1,3,0,0.5,2,2.5,0
0,1,0,1,0,0,0,0,0,0,0,1,0,1,0,4,3,0,0,1,0,0,0,2,2,3,3,2,1,1,0,1,1,0,0,0,0,1,0,0,0,0,1,1,0,0,1,3,5,1,2,8,1
1,1,0,3,0,0,0,0,0,0,0,0,0,0,1,9,7,0,1,0,0,1,0,5,0,0,2,2,0,2,121.68,1,0,1,0,0,0,0,1,0,0,0,1,1,0,0,1,3,4,1,3,8,1
0,1,0,1,0,0,0,0,0,0,0,0,0,0,0,4,3,0,0,1,0,0,0,2,1,1,1,1,2,0,45.63,1,0,0,0,0,0,1,0,1,0,0,2,1,0,0,1,3,5,1,1,7,1
0,1,0,1,0,0,1,0,1,0,1,1,0,4,0,11,9,1,0,0,1,0,0,6,8,9,8,8,11,0,121.68,1,1,0,1,1,1,1,0,0,0,0,2,0,1,0,1,4,6,1,3,10,1
1,1,0,11,0,0,0,0,0,0,0,1,0,1,0,17,14,0,3,0,0,0,0,8,9,8,10,9,9,8,365,1,1,1,0,0,0,0,0,1,0,0,1,1,0,0,1,2,6,1,3,10,1
0,1,0,1,1,1,0,0,1,0,0,0,0,3,1,12,10,1,0,0,0,1,0,9,8,8,8,8,9,2,10,0,1,1,1,1,0,0,0,1,1,1,3,0,1,0,1,1,5,0.5,2,7.5,1
0,1,0,1,0,0,0,0,0,0,0,0,0,0,0,8,5,0,0,0,1,2,0,3,4,3,4,4,6,0,21,1,0,0,1,1,0,0,0,1,0,1,2,1,0,0,1,1,3,1,2,6,0
0,1,0,1,0,0,0,0,0,0,0,0,0,0,0,4,2,0,0,1,1,0,0,2,2,2,2,2,4,0,14,1,1,1,0,1,0,1,0,1,0,0,2,1,0,0,1,1,5,0.5,1,6.5,0
0,1,0,1,0,0,0,0,0,0,0,0,1,1,0,7,3,0,0,0,0,4,0,7,7,7,6,6,6,0,121.68,1,1,0,0,0,0,0,1,1,1,0,3,0,1,0,1,2,6,1,1,8,1
0,1,0,2,1,1,0,0,0,0,0,0,0,2,0,6,5,0,1,0,0,0,0,4,4,4,3,3,4,0,365,1,1,0,0,0,0,1,1,1,1,0,4,0,1,0,1,4,6,1,3,10,1
0,1,0,1,1,0,0,0,0,0,0,0,1,2,0,8,7,0,0,0,0,1,0,5,1,3,2,1,3,2,21,1,1,1,0,0,0,0,1,0,0,0,1,0,1,0,1,3,6,1,2,9,1
0,1,0,1,0,0,0,0,0,0,0,0,0,0,0,2,1,0,0,1,0,0,0,2,2,2,2,2,2,0,13,0,0,0,0,0,0,1,0,0,0,0,1,1,0,0,1,1,6,1,1,8,1
0,1,0,1,0,0,0,1,0,0,1,1,0,3,0,9,8,0,0,0,0,1,0,2,0,0,1,2,5,4,2920,1,1,0,0,0,1,0,0,0,0,0,1,1,0,0,1,1,6,1,3,10,1
0,1,0,1,0,0,0,0,0,0,1,0,0,1,0,11,8,0,0,0,0,3,0,5,2,2,5,2,5,5,2,1,0,1,0,0,0,1,0,1,0,0,2,1,0,0,1,2,1,1,2,4,0
0,1,0,1,0,0,0,0,0,0,0,0,1,1,0,7,6,0,0,0,0,1,0,3,3,1,2,4,2,0,121.68,1,1,0,0,0,0,1,0,1,0,0,2,0,1,0,1,5,6,1,2,9,1
0,1,0,1,0,0,0,0,0,0,0,0,0,0,0,8,7,0,0,1,0,0,0,3,2,1,1,5,1,0,5,1,0,0,1,1,0,1,0,1,0,0,2,1,0,0,1,1,6,1,3,10,1
0,1,0,1,1,1,1,0,0,0,0,0,1,4,0,7,7,0,0,0,0,0,0,1,2,3,1,1,1,3,365,1,1,1,0,0,0,0,0,1,1,0,2,1,0,0,1,2,5,1,3,9,1
0,1,0,1,0,0,0,0,0,0,1,0,0,1,0,11,11,0,0,0,0,0,0,3,8,4,4,4,2,0,8,1,1,1,0,0,0,0,1,0,0,0,1,1,0,0,1,1,2,1,3,6,0
0,1,0,1,0,0,0,0,0,0,0,0,0,0,1,13,8,1,0,0,2,2,0,5,2,10,5,5,5,0,395.46,0,1,0,0,1,0,0,0,1,1,0,2,0,1,0,1,1,4,1,1,6,0
0,1,0,1,1,1,0,0,0,0,0,0,0,2,1,4,1,0,0,0,2,1,0,2,4,3,3,3,1,0,1.5,1,1,1,0,0,1,0,0,1,1,0,3,1,1,0,2,1,4,1,1,6,0
0,1,0,1,0,0,0,0,0,0,0,0,0,0,0,2,1,0,0,1,0,0,0,2,2,2,2,2,2,0,13,0,1,0,0,0,0,1,0,0,0,0,1,0,1,0,1,1,4,1,2,7,1
0,1,0,1,1,1,0,0,0,0,0,0,0,2,0,1,0,0,0,0,0,1,0,1,1,1,1,1,1,0,0,0,1,0,0,0,0,1,0,0,1,0,2,0,1,0,1,1,1,0,0,1,0
1,1,0,2,0,0,0,0,0,0,0,0,0,0,0,13,12,0,0,0,0,1,0,9,1,5,7,7,7,0,730,1,0,0,0,0,0,0,0,0,0,1,1,1,0,0,1,4,0,1,2,3,0
1,1,0,5,0,0,0,0,0,0,1,0,0,1,0,10,7,0,0,0,0,3,0,4,7,9,5,4,1,0,304.2,1,1,0,0,1,0,0,1,0,0,0,1,0,1,0,1,3,6,1,3,10,1
0,1,0,1,0,0,0,0,0,0,1,0,0,1,0,12,10,0,0,0,0,2,0,3,2,2,2,3,10,0,26,0,1,1,0,0,1,1,0,0,0,0,2,0,1,0,1,1,6,1,3,10,1
0,1,0,1,1,1,0,0,0,0,0,0,0,2,1,16,11,0,0,0,2,3,0,12,6,1,8,2,2,0,182.52,1,1,0,1,1,0,0,1,0,1,0,2,0,1,0,1,2,0,1,3,4,0
0,1,0,1,0,0,0,0,0,0,0,0,0,0,1,5,3,0,2,0,0,0,0,2,2,3,3,2,2,2,14,0,1,0,0,0,0,1,0,0,0,0,1,1,0,0,1,2,6,1,2,9,1
0,1,0,1,1,0,0,0,0,0,1,0,0,2,0,12,11,0,1,0,0,0,0,9,10,10,10,10,10,0,304.2,0,1,1,0,0,0,1,1,1,1,0,4,0,1,0,1,2,6,1,3,10,1
0,1,0,1,0,0,0,0,0,0,0,1,0,1,1,15,8,0,0,2,2,3,0,8,7,11,9,9,11,0,6,1,1,0,1,1,0,1,0,0,0,0,1,1,0,0,1,4,0,1,3,4,0
0,1,0,1,0,0,1,0,0,0,0,0,0,1,0,7,5,0,0,0,0,2,0,2,0,6,1,0,1,0,319.41,0,1,1,0,0,1,1,0,1,0,0,3,1,0,0,1,1,6,1,2,9,1
0,1,0,1,0,0,1,0,0,0,0,0,0,1,0,12,7,1,0,0,0,4,0,1,1,11,7,7,7,1,20,1,0,0,1,0,1,1,0,0,0,0,2,0,1,0,1,1,5,1,2,8,1
0,1,0,1,0,0,0,0,0,0,0,0,0,0,1,15,7,0,4,0,0,4,0,8,8,8,13,12,13,2,30.42,0,1,1,1,1,0,0,1,0,0,0,1,0,1,0,1,1,0,1,3,4,0
1,1,0,6,0,0,0,0,0,0,1,0,0,1,0,14,8,0,0,0,5,1,0,2,4,5,5,5,3,2,121.68,1,0,1,0,0,1,1,1,0,0,0,3,0,1,0,1,2,6,1,3,10,1
0,1,0,1,0,0,0,0,1,0,0,1,0,2,0,13,8,0,0,4,1,0,0,4,4,6,5,2,10,0,12,0,0,0,1,1,1,1,0,1,0,0,3,1,0,0,1,5,2,1,3,6,0
0,1,0,1,0,0,1,0,0,0,0,0,0,1,0,11,8,0,1,0,0,2,0,1,2,6,6,2,4,0,91.26,1,1,0,0,0,1,0,0,0,1,0,2,1,0,0,1,1,6,1,3,10,1
0,1,0,1,0,0,0,0,0,0,0,0,0,0,0,16,13,1,0,1,0,1,0,8,3,5,4,10,13,0,152.1,1,1,1,0,1,0,0,1,0,0,1,2,0,1,0,1,2,1,1,3,5,0
